;Carga;Extensometro
0;0,0;0,0
1;7,804771230288393e-28;0,003003003003003003
2;6,732958454651508e-25;0,006006006006006006
3;3,5120897888284244e-23;0,009009009009009009
4;5,808335467430241e-22;0,012012012012012012
5;5,1189739919742866e-21;0,015015015015015015
6;3,029781903846245e-20;0,018018018018018018
7;1,3624520097779604e-19;0,02102102102102102
8;5,010689005351104e-19;0,024024024024024024
9;1,5804146362323438e-18;0,02702702702702703
10;4,415996087707354e-18;0,03003003003003003
11;1,1187107638379898e-17;0,03303303303303303
12;2,6137083436970828e-17;0,036036036036036036
13;5,70532545048392e-17;0,03903903903903904
14;1,175349348189991e-16;0,04204204204204204
15;2,303500737692583e-16;0,04504504504504504
16;4,322581649963553e-16;0,04804804804804805
17;7,807655038130997e-16;0,05105105105105105
18;1,3633796267571521e-15;0,05405405405405406
19;2,3100434242909424e-15;0,057057057057057055
20;3,809556656709151e-15;0,06006006006006006
21;6,13093407881108e-15;0,06306306306306306
22;9,650805735934834e-15;0,06606606606606606
23;1,4888136868536054e-14;0,06906906906906907
24;2,254773288215676e-14;0,07207207207207207
25;3,357419962396632e-14;0,07507507507507508
26;4,92182513682143e-14;0,07807807807807808
27;7,111749905604224e-14;0,08108108108108109
28;1,0139411005865608e-13;0,08408408408408408
29;1,4277200862908481e-13;0,08708708708708708
30;1,9871658386289665e-13;0,09009009009009009
31;2,7360018998291773e-13;0,09309309309309309
32;3,7289706267236944e-13;0,0960960960960961
33;5,034116355749576e-13;0,0990990990990991
34;6,735446235243987e-13;0,1021021021021021
35;8,936016441200385e-13;0,10510510510510511
36;1,1761495774854366e-12;0,10810810810810811
37;1,5364263159845658e-12;0,1111111111111111
38;1,992810031872915e-12;0,11411411411411411
39;2,5673545918715015e-12;0,11711711711711711
40;3,2863982740101447e-12;0,12012012012012012
41;4,181253494327741e-12;0,12312312312312312
42;5,288985829673936e-12;0,12612612612612611
43;6,653291228456988e-12;0,12912912912912913
44;8,325480934251639e-12;0,13213213213213212
45;1,036558430824107e-11;0,13513513513513514
46;1,2843580426035708e-11;0,13813813813813813
47;1,584077004300674e-11;0,14114114114114115
48;1,9451300270402873e-11;0,14414414414414414
49;2,378385508269938e-11;0,14714714714714713
50;2,8963525585360256e-11;0,15015015015015015
51;3,513387481198653e-11;0,15315315315315314
52;4,2459212691175413e-11;0,15615615615615616
53;5,112709772682259e-11;0,15915915915915915
54;6,135108287156765e-11;0,16216216216216217
55;7,337372404209157e-11;0,16516516516516516
56;8,746987072753295e-11;0,16816816816816815
57;1,0395025917886748e-10;0,17117117117117117
58;1,2316542973819549e-10;0,17417417417417416
59;1,4550999097298244e-10;0,17717717717717718
60;1,71427254421872e-10;0,18018018018018017
61;2,0141426493624496e-10;0,1831831831831832
62;2,360272528156698e-10;0,18618618618618618
63;2,758875351863066e-10;0,1891891891891892
64;3,216878953596018e-10;0,1921921921921922
65;3,7419947023478573e-10;0,19519519519519518
66;4,3427917717315476e-10;0,1981981981981982
67;5,028777131754218e-10;0,2012012012012012
68;5,810481606359777e-10;0,2042042042042042
69;6,699552354301788e-10;0,2072072072072072
70;7,708852146132904e-10;0,21021021021021022
71;8,852565825728168e-10;0,2132132132132132
72;1,0146314360802548e-09;0,21621621621621623
73;1,1607276903340747e-09;0,21921921921921922
74;1,3254321297736625e-09;0,2222222222222222
75;1,5108143491742312e-09;0,22522522522522523
76;1,7191416323060244e-09;0,22822822822822822
77;1,9528948172578134e-09;0,23123123123123124
78;2,214785199385129e-09;0,23423423423423423
79;2,507772524748553e-09;0,23723723723723725
80;2,8350841288567926e-09;0,24024024024024024
81;3,200235277524099e-09;0,24324324324324323
82;3,6070507686917657e-09;0,24624624624624625
83;4,059687856149924e-09;0,24924924924924924
84;4,562660558228727e-09;0,25225225225225223
85;5,120865416707772e-09;0,2552552552552553
86;5,7396087734198636e-09;0,25825825825825827
87;6,424635634300386e-09;0,26126126126126126
88;7,182160192956512e-09;0,26426426426426425
89;8,018898088202794e-09;0,26726726726726724
90;8,942100472430615e-09;0,2702702702702703
91;9,959589970149501e-09;0,2732732732732733
92;1,1079798608559398e-08;0,27627627627627627
93;1,2311807804583343e-08;0,27927927927927926
94;1,3665390495412583e-08;0,2822822822822823
95;1,515105550228872e-08;0,2852852852852853
96;1,6780094219973046e-08;0,2882882882882883
97;1,856462972712928e-08;0,2912912912912913
98;2,0517668415676276e-08;0,29429429429429427
99;2,2653154240049326e-08;0,2972972972972973
100;2,4986025690244456e-08;0,3003003003003003
101;2,753227559551048e-08;0,3033033033033033
102;3,0309013868596306e-08;0,3063063063063063
103;3,333453330356074e-08;0,30930930930930933
104;3,662837854330456e-08;0,3123123123123123
105;4,021141833619524e-08;0,3153153153153153
106;4,410592120441744e-08;0,3183183183183183
107;4,833563465000587e-08;0,3213213213213213
108;5,292586802789392e-08;0,32432432432432434
109;5,7903579218746406e-08;0,32732732732732733
110;6,329746523783921e-08;0,3303303303303303
111;6,913805691979621e-08;0,3333333333333333
112;7,545781782260593e-08;0,3363363363363363
113;8,22912474980063e-08;0,33933933933933935
114;8,967498927905281e-08;0,34234234234234234
115;9,764794273947407e-08;0,34534534534534533
116;1,0625138098326138e-07;0,3483483483483483
117;1,1552907292684984e-07;0,35135135135135137
118;1,2552741074021276e-07;0,35435435435435436
119;1,3629554261722454e-07;0,35735735735735735
120;1,478855110497312e-07;0,36036036036036034
121;1,6035239678392657e-07;0,36336336336336333
122;1,737544686418438e-07;0,3663663663663664
123;1,8815333939504853e-07;0,36936936936936937
124;2,0361412788196638e-07;0,37237237237237236
125;2,2020562756467335e-07;0,37537537537537535
126;2,3800048172545488e-07;0,3783783783783784
127;2,5707536550796486e-07;0,3813813813813814
128;2,775111750124223e-07;0,3843843843843844
129;2,9939322365893443e-07;0,38738738738738737
130;3,2281144603777446e-07;0,39039039039039036
131;3,478606094702313e-07;0,3933933933933934
132;3,746405335085074e-07;0,3963963963963964
133;4,032563176080771e-07;0,3993993993993994
134;4,338185772108995e-07;0,4024024024024024
135;4,6644368848295396e-07;0,40540540540540543
136;5,012540419546872e-07;0,4084084084084084
137;5,383783053181721e-07;0,4114114114114114
138;5,779516956400254e-07;0,4144144144144144
139;6,201162612544887e-07;0,4174174174174174
140;6,650211736064695e-07;0,42042042042042044
141;7,128230293198153e-07;0,42342342342342343
142;7,636861627716546e-07;0,4264264264264264
143;8,17782969459227e-07;0,4294294294294294
144;8,752942404513405e-07;0,43243243243243246
145;9,3640950822233e-07;0,43543543543543545
146;1,0013274041722487e-06;0,43843843843843844
147;1,0702560281428903e-06;0,44144144144144143
148;1,143413330245246e-06;0,4444444444444444
149;1,2210275053200385e-06;0,44744744744744747
150;1,3033374003590857e-06;0,45045045045045046
151;1,3905929352214705e-06;0,45345345345345345
152;1,4830555369847193e-06;0,45645645645645644
153;1,5809985882775784e-06;0,45945945945945943
154;1,684707889947371e-06;0,4624624624624625
155;1,7944821384214081e-06;0,46546546546546547
156;1,9106334181285308e-06;0,46846846846846846
157;2,033487709353447e-06;0,47147147147147145
158;2,1633854119033065e-06;0,4744744744744745
159;2,3006818849727087e-06;0,4774774774774775
160;2,445748003600269e-06;0,4804804804804805
161;2,5989707321167425e-06;0,48348348348348347
162;2,7607537149918115e-06;0,48648648648648646
163;2,931517885493715e-06;0,4894894894894895
164;3,1117020925830583e-06;0,4924924924924925
165;3,3017637464695094e-06;0,4954954954954955
166;3,502179483267274e-06;0,4984984984984985
167;3,7134458491928263e-06;0,5015015015015015
168;3,93608000475575e-06;0,5045045045045045
169;4,1706204494012745e-06;0,5075075075075075
170;4,417627767070515e-06;0,5105105105105106
171;4,6776853931524955e-06;0,5135135135135135
172;4,951400403309616e-06;0,5165165165165165
173;5,239404324666125e-06;0,5195195195195195
174;5,542353969857456e-06;0,5225225225225225
175;5,860932294445889e-06;0,5255255255255256
176;6,1958492782166035e-06;0,5285285285285285
177;6,547842830876214e-06;0,5315315315315315
178;6,917679722684046e-06;0,5345345345345345
179;7,306156540555328e-06;0,5375375375375375
180;7,714100670183292e-06;0,5405405405405406
181;8,142371304736372e-06;0,5435435435435435
182;8,59186048069504e-06;0,5465465465465466
183;9,063494141401384e-06;0,5495495495495496
184;9,558233228903942e-06;0,5525525525525525
185;1,0077074804688736e-05;0,5555555555555556
186;1,0621053199896393e-05;0,5585585585585585
187;1,1191241195635035e-05;0,5615615615615616
188;1,1788751234006728e-05;0,5645645645645646
189;1,2414736660475647e-05;0,5675675675675675
190;1,3070392998214719e-05;0,5705705705705706
191;1,3756959255077037e-05;0,5735735735735735
192;1,4475719263848523e-05;0,5765765765765766
193;1,5228003056446796e-05;0,5795795795795796
194;1,6015188272742128e-05;0,5825825825825826
195;1,6838701604685425e-05;0,5855855855855856
196;1,7700020276437908e-05;0,5885885885885885
197;1,8600673561208245e-05;0,5915915915915916
198;1,9542244335511286e-05;0,5945945945945946
199;2,0526370671574455e-05;0,5975975975975976
200;2,1554747468626952e-05;0,6006006006006006
201;2,2629128123817236e-05;0,6036036036036035
202;2,375132624351604e-05;0,6066066066066066
203;2,4923217395770563e-05;0,6096096096096096
204;2,614674090468822e-05;0,6126126126126126
205;2,7423901687537896e-05;0,6156156156156156
206;2,8756772135367035e-05;0,6186186186186187
207;3,0147494037945435e-05;0,6216216216216216
208;3,1598280553856234e-05;0,6246246246246246
209;3,3111418226565435e-05;0,6276276276276276
210;3,468926904731457e-05;0,6306306306306306
211;3,6334272565689326e-05;0,6336336336336337
212;3,804894804873129e-05;0,6366366366366366
213;3,983589668946971e-05;0,6396396396396397
214;4,169780386576149e-05;0,6426426426426426
215;4,363744145034151e-05;0,6456456456456456
216;4,565767017299378e-05;0,6486486486486487
217;4,776144203576921e-05;0,6516516516516516
218;4,995180278218561e-05;0,6546546546546547
219;5,223189442135729e-05;0,6576576576576576
220;5,460495780801659e-05;0,6606606606606606
221;5,7074335279397774e-05;0,6636636636636637
222;5,96434733499701e-05;0,6666666666666666
223;6,231592546501692e-05;0,6696696696696697
224;6,50953548140699e-05;0,6726726726726726
225;6,798553720522327e-05;0,6756756756756757
226;7,099036400136076e-05;0,6786786786786787
227;7,411384511934609e-05;0,6816816816816816
228;7,736011209323708e-05;0,6846846846846847
229;8,0733421202597e-05;0,6876876876876877
230;8,423815666699236e-05;0,6906906906906907
231;8,787883390777722e-05;0,6936936936936937
232;9,16601028782767e-05;0,6966966966966966
233;9,558675146350049e-05;0,6996996996996997
234;9,966370895052384e-05;0,7027027027027027
235;0,00010389604957069386;0,7057057057057057
236;0,00010828899611482889;0,7087087087087087
237;0,00011284792362259175;0,7117117117117117
238;0,00011757836314723709;0,7147147147147147
239;0,00012248600559693903;0,7177177177177178
240;0,00012757670565392785;0,7207207207207207
241;0,00013285648577267316;0,7237237237237237
242;0,0001383315402583655;0,7267267267267267
243;0,00014400823942696883;0,7297297297297297
244;0,00014989313384812107;0,7327327327327328
245;0,00015599295867218505;0,7357357357357357
246;0,00016231463804275995;0,7387387387387387
247;0,00016886528959597896;0,7417417417417418
248;0,0001756522290479387;0,7447447447447447
249;0,0001826829748716167;0,7477477477477478
250;0,00018996525306464674;0,7507507507507507
251;0,00019750700200934606;0,7537537537537538
252;0,00020531637742639145;0,7567567567567568
253;0,0002134017574235687;0,7597597597597597
254;0,00022177174764102873;0,7627627627627628
255;0,0002304351864944976;0,7657657657657657
256;0,00023940115051791487;0,7687687687687688
257;0,0002486789598069736;0,7717717717717718
258;0,0002582781835650687;0,7747747747747747
259;0,00026820864575316614;0,7777777777777778
260;0,0002784804308451205;0,7807807807807807
261;0,00028910388968999743;0,7837837837837838
262;0,0003000896454829563;0,7867867867867868
263;0,00031144859984628124;0,7897897897897898
264;0,00032319193902215763;0,7927927927927928
265;0,0003353311401788028;0,7957957957957957
266;0,0003478779778315951;0,7987987987987988
267;0,00036084453038083726;0,8018018018018018
268;0,00037424318676783114;0,8048048048048048
269;0,0003880866532509444;0,8078078078078078
270;0,00040238796030336605;0,8108108108108109
271;0,00041716046963427827;0,8138138138138138
272;0,0004324178813351774;0,8168168168168168
273;0,0004481742411530944;0,8198198198198198
274;0,000464443947892499;0,8228228228228228
275;0,0004812417609476643;0,8258258258258259
276;0,0004985828079673128;0,8288288288288288
277;0,0005164825926533674;0,8318318318318318
278;0,0005349570026956467;0,8348348348348348
279;0,0005540223178443825;0,8378378378378378
280;0,0005736952181224276;0,8408408408408409
281;0,0005939927921790677;0,8438438438438438
282;0,0006149325457873553;0,8468468468468469
283;0,0006365324104868966;0,8498498498498498
284;0,0006588107523740684;0,8528528528528528
285;0,0006817863810416222;0,8558558558558559
286;0,0007054785586696901;0,8588588588588588
287;0,0007299070092702069;0,8618618618618619
288;0,0007550919280867711;0,8648648648648649
289;0,0007810539911520222;0,8678678678678678
290;0,0008078143650046011;0,8708708708708709
291;0,0008353947165677802;0,8738738738738738
292;0,0008638172231919054;0,8768768768768769
293;0,000893104582862757;0,8798798798798799
294;0,0009232800245780105;0,8828828828828829
295;0,0009543673188939673;0,8858858858858859
296;0,0009863907886447426;0,8888888888888888
297;0,001019375319836155;0,8918918918918919
298;0,001053346372716528;0,8948948948948949
299;0,0010883299930266887;0,8978978978978979
300;0,0011243528234314395;0,9009009009009009
301;0,0011614421151347888;0,9039039039039038
302;0,0011996257396813018;0,9069069069069069
303;0,0012389322009458753;0,9099099099099099
304;0,001279390647314339;0,9129129129129129
305;0,0013210308840572622;0,9159159159159159
306;0,0013638833858993567;0,9189189189189189
307;0,0014079793097869543;0,9219219219219219
308;0,0014533505078559643;0,924924924924925
309;0,0015000295406028268;0,9279279279279279
310;0,0015480496902609523;0,9309309309309309
311;0,0015974449743851498;0,933933933933934
312;0,0016482501596466214;0,9369369369369369
313;0,0017005007758410797;0,93993993993994
314;0,0017542331301125544;0,9429429429429429
315;0,0018094843213955541;0,9459459459459459
316;0,0018662922550781642;0,948948948948949
317;0,0019246956578887846;0,9519519519519519
318;0,001984734093009179;0,954954954954955
319;0,002046447975416518;0,9579579579579579
320;0,0021098785874572013;0,960960960960961
321;0,002175068094655152;0,963963963963964
322;0,0022420595617574104;0,9669669669669669
323;0,0023108969690198225;0,96996996996997
324;0,0023816252287356073;0,9729729729729729
325;0,002454290202009733;0,975975975975976
326;0,0025289387157818965;0,978978978978979
327;0,0026056185801010654;0,9819819819819819
328;0,0026843786056544978;0,984984984984985
329;0,0027652686215541445;0,9879879879879879
330;0,0028483394933834956;0,990990990990991
331;0,002933643141507774;0,993993993993994
332;0,003021232559650584;0,996996996996997
333;0,0031111618337400313;1,0
334;0,0032034861610273652;1,003003003003003
335;0,0032982618694813084;1,006006006006006
336;0,003395546437461143;1,009009009009009
337;0,003495398513671773;1,012012012012012
338;0,003597877937403833;1,015015015015015
339;0,003703045759062194;1,018018018018018
340;0,0038109642609859854;1,021021021021021
341;0,003921696978563445;1,024024024024024
342;0,004035308721644901;1,027027027027027
343;0,0041518655962570995;1,03003003003003
344;0,004271435026622365;1,033033033033033
345;0,0043940857774858524;1,0360360360360361
346;0,004519887976754311;1,039039039039039
347;0,004648913138449837;1,042042042042042
348;0,00478123418598193;1,045045045045045
349;0,004916925475741507;1,048048048048048
350;0,005056062821020235;1,0510510510510511
351;0,005198723516258789;1,054054054054054
352;0,0053449863616276;1,057057057057057
353;0,00549493168794358;1,06006006006006
354;0,0056486413819266095;1,063063063063063
355;0,005806198911799294;1,0660660660660661
356;0,005967689353233715;1,069069069069069
357;0,006133199415648929;1,072072072072072
358;0,00630281746886279;1,075075075075075
359;0,006476633570102062;1,078078078078078
360;0,006654739491374468;1,0810810810810811
361;0,006837228747206521;1,084084084084084
362;0,007024196622751089;1,087087087087087
363;0,007215740202268337;1,09009009009009
364;0,00741195839798424;1,093093093093093
365;0,007612951979330421;1,0960960960960962
366;0,007818823602569318;1,0990990990990992
367;0,008029677840808698;1,102102102102102
368;0,008245621214409611;1,105105105105105
369;0,008466762221791622;1,1081081081081081
370;0,00869321137063971;1,1111111111111112
371;0,008925081209516737;1,1141141141141142
372;0,00916248635988572;1,117117117117117
373;0,009405543548546138;1,12012012012012
374;0,00965437164048829;1,1231231231231231
375;0,00990909167217023;1,1261261261261262
376;0,01016982688522135;1,1291291291291292
377;0,010436702760576984;1,132132132132132
378;0,010709847053048458;1,135135135135135
379;0,01098938982633269;1,1381381381381381
380;0,011275463488466132;1,1411411411411412
381;0,011568202827727173;1,1441441441441442
382;0,011867745048991612;1,147147147147147
383;0,012174229810545766;1,15015015015015
384;0,012487799261361468;1,1531531531531531
385;0,0128085980788379;1,1561561561561562
386;0,01313677350701462;1,1591591591591592
387;0,01347247539526042;1,162162162162162
388;0,0138158562374429;1,165165165165165
389;0,014167071211583036;1,1681681681681682
390;0,01452627821999997;1,1711711711711712
391;0,014893637929950472;1,1741741741741742
392;0,015269313814767916;1,177177177177177
393;0,015653472195505815;1,1801801801801801
394;0,016046282283090338;1,1831831831831832
395;0,016447916220987284;1,1861861861861862
396;0,016858549128388016;1,1891891891891893
397;0,01727835914391948;1,192192192192192
398;0,01770752746988348;1,1951951951951951
399;0,01814623841702977;1,1981981981981982
400;0,0185946794498687;1,2012012012012012
401;0,019053041232527986;1,2042042042042043
402;0,01952151767515902;1,207207207207207
403;0,020000305980897987;1,2102102102102101
404;0,02048960669338652;1,2132132132132132
405;0,020989623744857872;1,2162162162162162
406;0,02150056450479335;1,2192192192192193
407;0,02202263982915453;1,2222222222222223
408;0,022556064110196603;1,2252252252252251
409;0,02310105532686844;1,2282282282282282
410;0,023657835095804252;1,2312312312312312
411;0,024226628722913084;1,2342342342342343
412;0,024807665255571116;1,2372372372372373
413;0,02540117753542243;1,2402402402402402
414;0,026007402251794168;1,2432432432432432
415;0,02662657999573093;1,2462462462462462
416;0,027258955314655057;1,2492492492492493
417;0,02790477676765776;1,2522522522522523
418;0,028564296981427095;1,2552552552552552
419;0,029237772706818828;1,2582582582582582
420;0,029925464876075204;1,2612612612612613
421;0,030627638660698498;1,2642642642642643
422;0,03134456352998456;1,2672672672672673
423;0,03207651331022241;1,2702702702702702
424;0,03282376624456617;1,2732732732732732
425;0,033586605053584656;1,2762762762762763
426;0,034365316996495546;1,2792792792792793
427;0,03516019393308954;1,2822822822822824
428;0,035971532386350966;1,2852852852852852
429;0,03679963360578105;1,2882882882882882
430;0,03764480363142951;1,2912912912912913
431;0,0385073533586416;1,2942942942942943
432;0,03938759860352619;1,2972972972972974
433;0,04028586016915148;1,3003003003003002
434;0,04120246391247495;1,3033033033033032
435;0,042137740812013116;1,3063063063063063
436;0,04309202703625868;1,3093093093093093
437;0,04406566401285086;1,3123123123123124
438;0,04505899849850535;1,3153153153153152
439;0,046072382649711356;1,3183183183183182
440;0,04710617409420072;1,3213213213213213
441;0,04816073600319764;1,3243243243243243
442;0,04923643716445442;1,3273273273273274
443;0,05033365205608038;1,3303303303303302
444;0,05145276092117109;1,3333333333333333
445;0,052594149843243634;1,3363363363363363
446;0,05375821082248626;1,3393393393393394
447;0,05494534185282832;1,3423423423423424
448;0,056155946999837524;1,3453453453453452
449;0,05739043647945243;1,3483483483483483
450;0,05864922673755534;1,3513513513513513
451;0,059932740530394914;1,3543543543543544
452;0,061241407005864085;1,3573573573573574
453;0,062575661785641;1,3603603603603605
454;0,06393594704820002;1,3633633633633633
455;0,06532271161270077;1,3663663663663663
456;0,06673641102376074;1,3693693693693694
457;0,06817750763712122;1,3723723723723724
458;0,06964647070621201;1,3753753753753755
459;0,07114377646962322;1,3783783783783783
460;0,07266990823949199;1,3813813813813813
461;0,07422535649080997;1,3843843843843844
462;0,07581061895166158;1,3873873873873874
463;0,0774262006943988;1,3903903903903905
464;0,0790726142277608;1,3933933933933933
465;0,08075037958994656;1,3963963963963963
466;0,08246002444264688;1,3993993993993994
467;0,0842020841660454;1,4024024024024024
468;0,0859771019547951;1,4054054054054055
469;0,08778562891497868;1,4084084084084083
470;0,08962822416206134;1,4114114114114114
471;0,09150545491984204;1,4144144144144144
472;0,09341789662041389;1,4174174174174174
473;0,09536613300513988;1,4204204204204205
474;0,0973507562266526;1,4234234234234233
475;0,0993723669518869;1,4264264264264264
476;0,10143157446615166;1,4294294294294294
477;0,10352899677825163;1,4324324324324325
478;0,10566526072666572;1,4354354354354355
479;0,10784100208679076;1,4384384384384383
480;0,11005686567925975;1,4414414414414414
481;0,11231350547934109;1,4444444444444444
482;0,11461158472743017;1,4474474474474475
483;0,11695177604063957;1,4504504504504505
484;0,11933476152549731;1,4534534534534533
485;0,12176123289176279;1,4564564564564564
486;0,1242318915673664;1,4594594594594594
487;0,12674744881448502;1,4624624624624625
488;0,1293086258467598;1,4654654654654655
489;0,1319161539476657;1,4684684684684683
490;0,13457077459004296;1,4714714714714714
491;0,13727323955679632;1,4744744744744744
492;0,1400243110627751;1,4774774774774775
493;0,14282476187784013;1,4804804804804805
494;0,14567537545112774;1,4834834834834836
495;0,14857694603652025;1,4864864864864864
496;0,15153027881933212;1,4894894894894894
497;0,1545361900442196;1,4924924924924925
498;0,15759550714432555;1,4954954954954955
499;0,1607090688716675;1,4984984984984986
500;0,16387772542877793;1,5015015015015014
501;0,1671023386016082;1,5045045045045045
502;0,17038378189370215;1,5075075075075075
503;0,17372294066165325;1,5105105105105106
504;0,1771207122518519;1,5135135135135136
505;0,1805780061385332;1,5165165165165164
506;0,18409574406313706;1,5195195195195195
507;0,1876748601749854;1,5225225225225225
508;0,1913163011732928;1,5255255255255256
509;0,19502102645051544;1,5285285285285286
510;0,19879000823705056;1,5315315315315314
511;0,20262423174729685;1,5345345345345345
512;0,20652469532708304;1,5375375375375375
513;0,2104924106024786;1,5405405405405406
514;0,21452840262999442;1,5435435435435436
515;0,21863371004818374;1,5465465465465464
516;0,2228093852306555;1,5495495495495495
517;0,22705649444050646;1,5525525525525525
518;0,23137611798618782;1,5555555555555556
519;0,23576935037881266;1,5585585585585586
520;0,24023730049091596;1,5615615615615615
521;0,24478109171667997;1,5645645645645645
522;0,2494018621336297;1,5675675675675675
523;0,25410076466581694;1,5705705705705706
524;0,2588789672484975;1,5735735735735736
525;0,2637376529943149;1,5765765765765765
526;0,2686780203610028;1,5795795795795795
527;0,273701283320612;1,5825825825825826
528;0,27880867153027933;1,5855855855855856
529;0,2840014305045458;1,5885885885885886
530;0,28928082178923437;1,5915915915915915
531;0,29464812313690325;1,5945945945945945
532;0,30010462868387755;1,5975975975975976
533;0,30565164912888027;1,6006006006006006
534;0,3112905119132669;1,6036036036036037
535;0,3170225614028777;1,6066066066066067
536;0,3228491590715189;1,6096096096096095
537;0,32877168368608567;1,6126126126126126
538;0,3347915314933328;1,6156156156156156
539;0,34091011640831353;1,6186186186186187
540;0,34712887020449085;1,6216216216216217
541;0,3534492427055362;1,6246246246246245
542;0,35987270197882826;1,6276276276276276
543;0,36640073453065886;1,6306306306306306
544;0,37303484550316474;1,6336336336336337
545;0,37977655887299244;1,6366366366366367
546;0,3866274176517087;1,6396396396396395
547;0,3935889840879729;1,6426426426426426
548;0,40066283987147405;1,6456456456456456
549;0,407850586338657;1,6486486486486487
550;0,41515384468024036;1,6516516516516517
551;0,4225742561505425;1,6546546546546546
552;0,4301134822786299;1,6576576576576576
553;0,43777320508129314;1,6606606606606606
554;0,44555512727787233;1,6636636636636637
555;0,4534609725069385;1,6666666666666667
556;0,46149248554484446;1,6696696696696696
557;0,4696514325261616;1,6726726726726726
558;0,47793960116600703;1,6756756756756757
559;0,48635880098428497;1,6786786786786787
560;0,49491086353184643;1,6816816816816818
561;0,5035976426185838;1,6846846846846846
562;0,5124210145434757;1,6876876876876876
563;0,5213828783265869;1,6906906906906907
564;0,5304851559430476;1,6936936936936937
565;0,5397297925590164;1,6966966966966968
566;0,5491187567696451;1,6996996996996996
567;0,5586540408390585;1,7027027027027026
568;0,5683376609423568;1,7057057057057057
569;0,5781716574096633;1,7087087087087087
570;0,5881580949722243;1,7117117117117118
571;0,5982990630105764;1,7147147147147146
572;0,6085966758047994;1,7177177177177176
573;0,6190530727868556;1,7207207207207207
574;0,6296704187950483;1,7237237237237237
575;0,6404509043305966;1,7267267267267268
576;0,6513967458163507;1,7297297297297298
577;0,6625101858576549;1,7327327327327327
578;0,6737934935053818;1,7357357357357357
579;0,6852489645211367;1,7387387387387387
580;0,6968789216446634;1,7417417417417418
581;0,7086857148634544;1,7447447447447448
582;0,7206717216845828;1,7477477477477477
583;0,7328393474087751;1,7507507507507507
584;0,7451910254067268;1,7537537537537538
585;0,7577292173976924;1,7567567567567568
586;0,7704564137303502;1,7597597597597598
587;0,7833751336659645;1,7627627627627627
588;0,7964879256638592;1,7657657657657657
589;0,8097973676692096;1,7687687687687688
590;0,8233060674031818;1,7717717717717718
591;0,837016662655421;1,7747747747747749
592;0,8509318215789119;1,7777777777777777
593;0,865054242987227;1,7807807807807807
594;0,8793866566541653;1,7837837837837838
595;0,8939318236158158;1,7867867867867868
596;0,9086925364750487;1,7897897897897899
597;0,9236716197084496;1,7927927927927927
598;0,938871929975723;1,7957957957957957
599;0,9542963564315602;1,7987987987987988
600;0,9699478210400125;1,8018018018018018
601;0,9858292788913664;1,8048048048048049
602;1,0019437185215425;1,8078078078078077
603;1,0182941622340416;1,8108108108108107
604;1,0348836664244336;1,8138138138138138
605;1,051715321907432;1,8168168168168168
606;1,0687922542465476;1,8198198198198199
607;1,0861176240863497;1,8228228228228227
608;1,1036946274873514;1,8258258258258258
609;1,1215264962635207;1,8288288288288288
610;1,1396164983224553;1,8318318318318318
611;1,1579679380082233;1,834834834834835
612;1,1765841564468866;1,8378378378378377
613;1,1954685318947373;1,8408408408408408
614;1,2146244800892365;1,8438438438438438
615;1,2340554546027034;1,8468468468468469
616;1,2537649471987535;1,84984984984985
617;1,2737564881915011;1,8528528528528527
618;1,2940336468075606;1,8558558558558558
619;1,3146000315508335;1,8588588588588588
620;1,3354592905701337;1,8618618618618619
621;1,3566151120296404;1,864864864864865
622;1,3780712244822106;1,867867867867868
623;1,399831397245561;1,8708708708708708
624;1,421899440781348;1,8738738738738738
625;1,4442792070771402;1,8768768768768769
626;1,4669745900313318;1,87987987987988
627;1,4899895258409892;1,882882882882883
628;1,5133279933926607;1,8858858858858858
629;1,5369940146561711;1,8888888888888888
630;1,5609916550813963;1,8918918918918919
631;1,5853250239980683;1,894894894894895
632;1,609998275018606;1,897897897897898
633;1,6350156064439936;1,9009009009009008
634;1,660381261672739;1,9039039039039038
635;1,6860995296128998;1,906906906906907
636;1,7121747450972327;1,90990990990991
637;1,7386112893014567;1,912912912912913
638;1,7654135901656622;1,9159159159159158
639;1,7925861228188853;1,9189189189189189
640;1,8201334100068467;1,921921921921922
641;1,8480600225229047;1,924924924924925
642;1,8763705796422194;1,927927927927928
643;1,90506974955915;1,9309309309309308
644;1,9341622498279187;1,9339339339339339
645;1,9636528478065283;1,936936936936937
646;1,9935463611039927;1,93993993993994
647;2,023847658030872;1,942942942942943
648;2,0545616580531365;1,9459459459459458
649;2,0856933322493965;1,9489489489489489
650;2,117247703771478;1,951951951951952
651;2,149229848308412;1,954954954954955
652;2,181644894553825;1,957957957957958
653;2,2144980246767556;1,9609609609609608
654;2,2477944747959357;1,9639639639639639
655;2,281539535457517;1,966966966966967
656;2,3157385521163105;1,96996996996997
657;2,3503969256205233;1,972972972972973
658;2,3855201127000276;1,9759759759759759
659;2,421113626458191;1,978978978978979
660;2,457183036867253;1,981981981981982
661;2,4937339712673157;1,984984984984985
662;2,5307721148689355;1,987987987987988
663;2,568303211259352;1,990990990990991
664;2,6063330629123604;1,993993993993994
665;2,644867531701878;1,996996996996997
666;2,6839125394191745;2,0
667;2,7234740682938408;2,003003003003003
668;2,7635581615185036;2,006006006006006
669;2,804170923777249;2,009009009009009
670;2,8453185217779016;2,012012012012012
671;2,887007184788015;2,015015015015015
672;2,929243205174771;2,018018018018018
673;2,972032938948662;2,021021021021021
674;3,0153828063110395;2,024024024024024
675;3,0592992922056093;2,027027027027027
676;3,103788946873739;2,03003003003003
677;3,1488583864137976;2,033033033033033
678;3,1945142933443718;2,036036036036036
679;3,2407634171714683;2,039039039039039
680;3,2876125749597667;2,042042042042042
681;3,335068651907799;2,045045045045045
682;3,3831386019272665;2,048048048048048
683;3,4318294482263516;2,051051051051051
684;3,481148283897115;2,054054054054054
685;3,531102272507073;2,057057057057057
686;3,5816986486947973;2,06006006006006
687;3,632944718769771;2,063063063063063
688;3,684847861316361;2,066066066066066
689;3,7374155278019705;2,069069069069069
690;3,7906552431895078;2,0720720720720722
691;3,8445746065539708;2,075075075075075
692;3,8991812917034263;2,078078078078078
693;3,9544830478041955;2,081081081081081
694;4,010487700010358;2,084084084084084
695;4,067203150097672;2,0870870870870872
696;4,1246373771017435;2,09009009009009
697;4,182798437960684;2,093093093093093
698;4,241694468162123;2,096096096096096
699;4,301333682394629;2,099099099099099
700;4,3617243752036865;2,1021021021021022
701;4,42287492165202;2,105105105105105
702;4,484793777984553;2,108108108108108
703;4,547489482297819;2,111111111111111
704;4,610970655213911;2,114114114114114
705;4,675246000559109;2,1171171171171173
706;4,740324306046974;2,12012012012012
707;4,806214443966203;2,123123123123123
708;4,872925371873049;2,126126126126126
709;4,940466133288414;2,129129129129129
710;5,008845858399739;2,1321321321321323
711;5,078073764767476;2,135135135135135
712;5,148159158036467;2,138138138138138
713;5,21911143265199;2,141141141141141
714;5,2909400725806135;2,144144144144144
715;5,3636546520359785;2,1471471471471473
716;5,437264836209282;2,15015015015015
717;5,511780382004798;2,153153153153153
718;5,587211138780188;2,156156156156156
719;5,6635670490917525;2,159159159159159
720;5,740858149444744;2,1621621621621623
721;5,8190945710484945;2,165165165165165
722;5,898286540576726;2,168168168168168
723;5,978444380932776;2,171171171171171
724;6,059578512019882;2,174174174174174
725;6,141699451516682;2,1771771771771773
726;6,224817815657639;2,18018018018018
727;6,3089443200188065;2,1831831831831834
728;6,394089780308556;2,186186186186186
729;6,480265113163697;2,189189189189189
730;6,567481336950689;2,1921921921921923
731;6,655749572572092;2,195195195195195
732;6,745081044278426;2,1981981981981984
733;6,835487080485151;2,201201201201201
734;6,92697911459515;2,204204204204204
735;7,019568685826453;2,2072072072072073
736;7,11326744004534;2,21021021021021
737;7,208087130604994;2,2132132132132134
738;7,304039619189384;2,2162162162162162
739;7,401136876662827;2,219219219219219
740;7,499390983924903;2,2222222222222223
741;7,598814132770903;2,225225225225225
742;7,69941862675795;2,2282282282282284
743;7,801216882076512;2,2312312312312312
744;7,904221428427718;2,234234234234234
745;8,008444909906173;2,2372372372372373
746;8,113900085888448;2,24024024024024
747;8,220599831927391;2,2432432432432434
748;8,328557140651961;2,2462462462462462
749;8,437785122673015;2,249249249249249
750;8,54829700749475;2,2522522522522523
751;8,660106144431928;2,255255255255255
752;8,773226003533118;2,2582582582582584
753;8,887670176509554;2,2612612612612613
754;9,00345237767014;2,264264264264264
755;9,12058644486222;2,2672672672672673
756;9,239086340418291;2,27027027027027
757;9,358966152108895;2,2732732732732734
758;9,48024009410125;2,2762762762762763
759;9,602922507924188;2,279279279279279
760;9,72702786343902;2,2822822822822824
761;9,852570759816466;2,285285285285285
762;9,979565926519939;2,2882882882882885
763;10,10802822429471;2,2912912912912913
764;10,23797264616353;2,294294294294294
765;10,369414318428328;2,2972972972972974
766;10,502368501678138;2,3003003003003
767;10,636850591803526;2,3033033033033035
768;10,772876121017031;2,3063063063063063
769;10,910460758880278;2,309309309309309
770;11,04962031333724;2,3123123123123124
771;11,190370731753955;2,315315315315315
772;11,332728101964848;2,3183183183183185
773;11,47670865332527;2,3213213213213213
774;11,622328757770811;2,324324324324324
775;11,769604930882984;2,3273273273273274
776;11,918553832961447;2,33033033033033
777;12,069192270103075;2,3333333333333335
778;12,221537195287322;2,3363363363363363
779;12,375605709468582;2,339339339339339
780;12,531415062675052;2,3423423423423424
781;12,688982655114295;2,3453453453453452
782;12,84832603828582;2,3483483483483485
783;13,009462916100114;2,3513513513513513
784;13,172411146004839;2,354354354354354
785;13,33718874011767;2,3573573573573574
786;13,503813866366045;2,3603603603603602
787;13,672304849634047;2,3633633633633635
788;13,84268017291593;2,3663663663663663
789;14,014958478476963;2,369369369369369
790;14,189158569021115;2,3723723723723724
791;14,365299408865743;2,3753753753753752
792;14,543400125123679;2,3783783783783785
793;14,72348000889203;2,3813813813813813
794;14,90555851644856;2,384384384384384
795;15,089655270454989;2,3873873873873874
796;15,275790061167541;2,3903903903903903
797;15,463982847655016;2,3933933933933935
798;15,654253759023764;2,3963963963963963
799;15,846623095650408;2,399399399399399
800;16,04111133042166;2,4024024024024024
801;16,237739109981536;2,4054054054054053
802;16,436527255986327;2,4084084084084085
803;16,637496766366556;2,4114114114114114
804;16,840668816596953;2,414414414414414
805;17,046064760973632;2,4174174174174174
806;17,253706133898863;2,4204204204204203
807;17,463614651173778;2,4234234234234235
808;17,675812211298258;2,4264264264264264
809;17,890320896778963;2,429429429429429
810;18,107162975444815;2,4324324324324325
811;18,326360901770183;2,4354354354354353
812;18,54793731820624;2,4384384384384385
813;18,771915056519624;2,4414414414414414
814;18,998317139139523;2,4444444444444446
815;19,227166780512132;2,4474474474474475
816;19,458487388463528;2,4504504504504503
817;19,692302565570223;2,4534534534534536
818;19,928636110537713;2,4564564564564564
819;20,167512019587424;2,4594594594594597
820;20,408954487851222;2,4624624624624625
821;20,652987910774613;2,4654654654654653
822;20,899636885527705;2,4684684684684686
823;21,148926212424385;2,4714714714714714
824;21,400880896350134;2,4744744744744747
825;21,655526148197524;2,4774774774774775
826;21,9128873863106;2,4804804804804803
827;22,172990237937274;2,4834834834834836
828;22,435860540690037;2,4864864864864864
829;22,70152434401558;2,4894894894894897
830;22,970007910672216;2,4924924924924925
831;23,24133771821643;2,4954954954954953
832;23,51554046049761;2,4984984984984986
833;23,792643049161317;2,5015015015015014
834;24,072672615161572;2,5045045045045047
835;24,35565651028126;2,5075075075075075
836;24,641622308661784;2,5105105105105103
837;24,93059780834107;2,5135135135135136
838;25,222611032800373;2,5165165165165164
839;25,51769023252028;2,5195195195195197
840;25,815863886544967;2,5225225225225225
841;26,117160704055998;2,5255255255255253
842;26,421609625954606;2,5285285285285286
843;26,729239826452957;2,5315315315315314
844;27,04008071467493;2,5345345345345347
845;27,354161936265182;2,5375375375375375
846;27,67151337500809;2,5405405405405403
847;27,992165154455314;2,5435435435435436
848;28,31614763956258;2,5465465465465464
849;28,643491438336106;2,5495495495495497
850;28,97422740348764;2,5525525525525525
851;29,308386634099467;2,5555555555555554
852;29,646000477298312;2,5585585585585586
853;29,987100529938605;2,5615615615615615
854;30,33171864029568;2,5645645645645647
855;30,67988690976771;2,5675675675675675
856;31,03163769458787;2,5705705705705704
857;31,387003607545594;2,5735735735735736
858;31,746017519717356;2,5765765765765765
859;32,108712562207714;2,5795795795795797
860;32,475122127899134;2,5825825825825826
861;32,8452798732124;2,5855855855855854
862;33,21921971987626;2,5885885885885886
863;33,5969758567068;2,5915915915915915
864;33,978582741397325;2,5945945945945947
865;34,36407510231723;2,5975975975975976
866;34,75348794032163;2,6006006006006004
867;35,146856530570524;2,6036036036036037
868;35,5442164243578;2,6066066066066065
869;35,94560345095106;2,6096096096096097
870;36,351053719440564;2,6126126126126126
871;36,76060362059926;2,6156156156156154
872;37,174289828752414;2,6186186186186187
873;37,592149303657465;2,6216216216216215
874;38,01421929239479;2,6246246246246248
875;38,44053733126789;2,6276276276276276
876;38,87114124771484;2,6306306306306304
877;39,306069162229576;2,6336336336336337
878;39,745359490293644;2,6366366366366365
879;40,18905094431904;2,6396396396396398
880;40,63718253560074;2,6426426426426426
881;41,089793576280705;2,6456456456456454
882;41,54692368132192;2,6486486486486487
883;42,008612770493166;2,6516516516516515
884;42,47490107036509;2,6546546546546548
885;42,94582911631618;2,6576576576576576
886;43,42143775455047;2,6606606606606604
887;43,90176814412547;2,6636636636636637
888;44,38686175899109;2,6666666666666665
889;44,87676039004011;2,66966966966967
890;45,37150614716874;2,6726726726726726
891;45,87114146134912;2,6756756756756754
892;46,37570908671242;2,6786786786786787
893;46,88525210264298;2,6816816816816815
894;47,39981391588437;2,684684684684685
895;47,91943826265563;2,6876876876876876
896;48,44416921077995;2,6906906906906904
897;48,97405116182384;2,6936936936936937
898;49,50912885324782;2,6966966966966965
899;50,049447360569246;2,6996996996997
900;50,59505209953543;2,7027027027027026
901;51,145988828309626;2,705705705705706
902;51,70230364966725;2,7087087087087087
903;52,26404301320505;2,7117117117117115
904;52,83125371756098;2,714714714714715
905;53,403982912646;2,7177177177177176
906;53,98227810188829;2,720720720720721
907;54,566187144488154;2,7237237237237237
908;55,155758257686045;2,7267267267267266
909;55,75104001904168;2,72972972972973
910;56,35208136872506;2,7327327327327327
911;56,95893161182045;2,735735735735736
912;57,5716404206411;2,7387387387387387
913;58,190257837057416;2,7417417417417416
914;58,81483427483643;2,744744744744745
915;59,44542052199343;2,7477477477477477
916;60,082067743156834;2,750750750750751
917;60,724827481944075;2,7537537537537538
918;61,37375166335105;2,7567567567567566
919;62,02889259615333;2,75975975975976
920;62,69030297531955;2,7627627627627627
921;63,35803588443858;2,765765765765766
922;64,03214479815762;2,7687687687687688
923;64,71268358463443;2,7717717717717716
924;65,39970650800137;2,774774774774775
925;66,09326823084203;2,7777777777777777
926;66,79342381668171;2,780780780780781
927;67,50022873248928;2,7837837837837838
928;68,21373885119331;2,7867867867867866
929;68,93401045421035;2,78978978978979
930;69,66110023398592;2,7927927927927927
931;70,39506529654983;2,795795795795796
932;71,13596316408294;2,798798798798799
933;71,88385177749858;2,8018018018018016
934;72,63878949903632;2,804804804804805
935;73,40083511486871;2,8078078078078077
936;74,17004783772276;2,810810810810811
937;74,94648730951279;2,813813813813814
938;75,7302136039887;2,8168168168168166
939;76,52128722939632;2,81981981981982
940;77,31976913115147;2,8228228228228227
941;78,12572069452868;2,825825825825826
942;78,93920374736179;2,828828828828829
943;79,76028056276003;2,8318318318318316
944;80,58901386183679;2,834834834834835
945;81,42546681645183;2,8378378378378377
946;82,26970305196899;2,840840840840841
947;83,12178665002575;2,843843843843844
948;83,98178215131858;2,8468468468468466
949;84,84975455840122;2,84984984984985
950;85,72576933849686;2,8528528528528527
951;86,60989242632593;2,855855855855856
952;87,50219022694594;2,858858858858859
953;88,40272961860776;2,8618618618618616
954;89,31157795562463;2,864864864864865
955;90,22880307125567;2,8678678678678677
956;91,15447328060527;2,870870870870871
957;92,08865738353461;2,873873873873874
958;93,03142466759006;2,8768768768768767
959;93,98284491094464;2,87987987987988
960;94,94298838535417;2,8828828828828827
961;95,91192585912951;2,885885885885886
962;96,88972860012142;2,888888888888889
963;97,87646837872245;2,8918918918918917
964;98,87221747088219;2,894894894894895
965;99,87704866113754;2,8978978978978978
966;100,8910352456593;2,900900900900901
967;101,91425103531176;2,903903903903904
968;102,9467703587296;2,9069069069069067
969;103,9886680654082;2,90990990990991
970;105,04001952880978;2,9129129129129128
971;106,10090064948555;2,915915915915916
972;107,17138785821163;2,918918918918919
973;108,25155811914225;2,9219219219219217
974;109,34148893297707;2,924924924924925
975;110,44125834014389;2,9279279279279278
976;111,55094492399868;2,930930930930931
977;112,67062781403868;2,933933933933934
978;113,8003866891338;2,9369369369369367
979;114,94030178077212;2,93993993993994
980;116,09045387632105;2,942942942942943
981;117,25092432230629;2,945945945945946
982;118,42179502770406;2,948948948948949
983;119,60314846725215;2,951951951951952
984;120,79506768477415;2,954954954954955
985;121,99763629652263;2,957957957957958
986;123,21093849453662;2,960960960960961
987;124,43505905001528;2,963963963963964
988;125,67008331670998;2,966966966966967
989;126,91609723432964;2,96996996996997
990;128,1731873319656;2,972972972972973
991;129,44144073153097;2,975975975975976
992;130,72094515121665;2,978978978978979
993;132,01178890896568;2,981981981981982
994;133,31406092596177;2,984984984984985
995;134,62785073013708;2,987987987987988
996;135,95324845969517;2,990990990990991
997;137,2903448666508;2,993993993993994
998;138,63923132038843;2,996996996996997
999;139,99999981123506;3,0
1000;141,72043;3,0
1001;143,98082;3,00336
1002;146,2303;3,0067
1003;148,46841;3,01024
1004;150,68912;3,01409
1005;152,88403;3,01785
1006;155,07916;3,02172
1007;157,28864;3,02612
1008;159,50035;3,03065
1009;161,70444;3,03484
1010;163,90137;3,03924
1011;166,08224;3,04365
1012;168,24138;3,04757
1013;170,37816;3,05092
1014;172,51498;3,05397
1015;174,63277;3,05681
1016;176,73296;3,0601599999999998
1017;178,82068;3,06302
1018;180,87598;3,0654
1019;182,89523;3,06827
1020;184,90868;3,0711399999999998
1021;186,93721;3,07424
1022;188,95889;3,07824
1023;190,97026;3,08221
1024;192,98006;3,08654
1025;194,9649;3,09086
1026;196,92384;3,09495
1027;198,85959;3,09904
1028;200,80573;3,1033999999999997
1029;202,76443;3,10826
1030;204,69473;3,11371
1031;206,61659;3,1197
1032;208,52763;3,12521
1033;210,42699;3,13088
1034;212,32234;3,1360099999999997
1035;214,22476;3,14064
1036;216,11833;3,14447
1037;217,99469;3,14793
1038;219,86044;3,15089
1039;221,71416;3,15376
1040;223,57626;3,1567
1041;225,43567;3,16052
1042;227,2775;3,16511
1043;229,10558;3,16998
1044;230,91315;3,17422
1045;232,71243;3,17745
1046;234,52455;3,1807499999999997
1047;236,32542;3,1851
1048;238,10513;3,18927
1049;239,8495;3,19371
1050;241,58078;3,19823
1051;243,29979;3,20249
1052;245,0242;3,2058
1053;246,76636;3,20918
1054;248,51303;3,21292
1055;250,23216;3,21612
1056;251,91357;3,21938
1057;253,59245;3,22267
1058;255,28685;3,22612
1059;256,97687;3,22917
1060;258,65698;3,23198
1061;260,33014;3,23505
1062;261,97083;3,23802
1063;263,58844;3,24079
1064;265,207;3,24331
1065;266,83817;3,24667
1066;268,47128;3,25073
1067;270,09738;3,25518
1068;271,7226;3,26018
1069;273,34326;3,26574
1070;274,94479;3,27129
1071;276,54376;3,27582
1072;278,14532;3,27974
1073;279,74786;3,2835
1074;281,34866;3,2872
1075;282,93478;3,29063
1076;284,51297;3,29375
1077;286,06381;3,29642
1078;287,59979;3,29955
1079;289,13913;3,30297
1080;290,66019;3,30646
1081;292,17624;3,31045
1082;293,69562;3,31465
1083;295,19543;3,3194
1084;296,69189;3,3241899999999998
1085;298,17511;3,32819
1086;299,64819;3,33196
1087;301,11942;3,33533
1088;302,59576;3,3387700000000002
1089;304,07141;3,34258
1090;305,5206;3,34698
1091;306,95984;3,35085
1092;308,41095;3,35448
1093;309,85538;3,35858
1094;311,28088;3,3629
1095;312,6987;3,36769
1096;314,13406;3,37286
1097;315,56537;3,37777
1098;317,00266;3,38267
1099;318,43881;3,38808
1100;319,8576;3,39381
1101;321,26868;3,39919
1102;322,67984;3,40382
1103;324,09201;3,40866
1104;325,4986;3,41328
1105;326,9032;3,41684
1106;328,30692;3,42021
1107;329,6806;3,42371
1108;331,03256;3,42656
1109;332,37772;3,42937
1110;333,73111;3,43221
1111;335,06882;3,43499
1112;336,39294;3,4386099999999997
1113;337,72461;3,44246
1114;339,05475;3,447
1115;340,36765;3,4512
1116;341,67621;3,455
1117;342,98538;3,45893
1118;344,28705;3,46253
1119;345,57947;3,46612
1120;346,86417;3,46988
1121;348,14682;3,47325
1122;349,41599;3,47626
1123;350,68332;3,47957
1124;351,94897;3,48298
1125;353,22525;3,48587
1126;354,51016;3,48819
1127;355,78903;3,49104
1128;357,07288;3,49429
1129;358,34286;3,4973
1130;359,6066;3,5013
1131;360,85974;3,50516
1132;362,12006;3,50894
1133;363,38492;3,51286
1134;364,64191;3,51681
1135;365,88364;3,52041
1136;367,11295;3,52451
1137;368,33347;3,52922
1138;369,552;3,5340499999999997
1139;370,75381;3,5390699999999997
1140;371,93567;3,54469
1141;373,10324;3,55047
1142;374,28134;3,5558
1143;375,4585;3,56036
1144;376,63229;3,56466
1145;377,80801;3,56851
1146;378,97556;3,57174
1147;380,14584;3,57494
1148;381,30664;3,57798
1149;382,47052;3,58125
1150;383,63953;3,58475
1151;384,79639;3,58839
1152;385,935;3,59176
1153;387,06418;3,59538
1154;388,19312;3,5991800000000005
1155;389,32733;3,6030800000000003
1156;390,47601;3,6067400000000003
1157;391,63187;3,6110299999999995
1158;392,7803;3,61594
1159;393,92279;3,6205300000000005
1160;395,05698;3,62582
1161;396,19461;3,63115
1162;397,32977;3,63582
1163;398,45947;3,64023
1164;399,5889;3,64435
1165;400,71518;3,64924
1166;401,82126;3,65463
1167;402,90378;3,65986
1168;404,00238;3,66533
1169;405,09192;3,6703900000000003
1170;406,16791;3,67504
1171;407,23938;3,67983
1172;408,30853;3,68468
1173;409,37665;3,6886
1174;410,43723;3,69222
1175;411,50006;3,69588
1176;412,57004;3,6991300000000003
1177;413,62357;3,70212
1178;414,65326;3,70568
1179;415,68982;3,71019
1180;416,74332;3,71455
1181;417,79758;3,71863
1182;418,83115;3,7227499999999996
1183;419,85971;3,7269500000000004
1184;420,87982;3,73201
1185;421,90112;3,73698
1186;422,93774;3,7419399999999996
1187;423,98422;3,7469900000000003
1188;425,03503;3,75211
1189;426,07657;3,75744
1190;427,11331;3,7626100000000005
1191;428,13196;3,76821
1192;429,14658;3,7740600000000004
1193;430,17447;3,7793799999999997
1194;431,19568;3,7841000000000005
1195;432,21112;3,7885299999999997
1196;433,22574;3,79277
1197;434,22037;3,79742
1198;435,20779;3,80206
1199;436,18604;3,80664
1200;437,15964;3,8108899999999997
1201;438,1347;3,8149300000000004
1202;439,11273;3,81888
1203;440,08868;3,8226700000000005
1204;441,04236;3,82651
1205;441,99313;3,83066
1206;442,95157;3,8347999999999995
1207;443,90048;3,8392800000000005
1208;444,83282;3,8435299999999994
1209;445,77859;3,84755
1210;446,72278;3,8518600000000003
1211;447,65961;3,85637
1212;448,58871;3,8610100000000003
1213;449,51346;3,86515
1214;450,44446;3,8692200000000003
1215;451,38199;3,87334
1216;452,31747;3,8770100000000003
1217;453,26666;3,88063
1218;454,21841;3,8845
1219;455,1738;3,8885899999999998
1220;456,121;3,8929400000000003
1221;457,05157;3,89755
1222;457,98026;3,90301
1223;458,91022;3,90839
1224;459,85687;3,9136800000000003
1225;460,79599;3,91833
1226;461,70816;3,92213
1227;462,60245;3,92532
1228;463,4903;3,9278899999999997
1229;464,36325;3,92999
1230;465,23502;3,9323999999999995
1231;466,13205;3,93548
1232;467,02887;3,9388199999999998
1233;467,90295;3,9423899999999996
1234;468,76834;3,94581
1235;469,63544;3,94982
1236;470,5004;3,9543999999999997
1237;471,35364;3,9596
1238;472,19839;3,96554
1239;473,0567;3,97178
1240;473,91812;3,9784100000000002
1241;474,77295;3,98524
1242;475,62112;3,9913100000000004
1243;476,46463;3,9973600000000005
1244;477,32214;4,0034600000000005
1245;478,1785;4,00904
1246;479,03854;4,0145599999999995
1247;479,89713;4,01976
1248;480,76239;4,02429
1249;481,63153;4,02823
1250;482,492;4,03155
1251;483,34286;4,03475
1252;484,18451;4,03784
1253;485,02951;4,04056
1254;485,87466;4,04299
1255;486,70221;4,0451
1256;487,5365;4,04762
1257;488,35077;4,0506899999999995
1258;489,14844;4,05533
1259;489,94601;4,06055
1260;490,74594;4,065799999999999
1261;491,5499;4,070819999999999
1262;492,34772;4,07552
1263;493,14832;4,08005
1264;493,94812;4,08491
1265;494,73657;4,09017
1266;495,51801;4,09543
1267;496,30405;4,09985
1268;497,09421;4,10445
1269;497,88034;4,10823
1270;498,66556;4,11177
1271;499,45111;4,11555
1272;500,21851;4,1194299999999995
1273;500,99026;4,12357
1274;501,767;4,12747
1275;502,5354;4,13098
1276;503,29428;4,13497
1277;504,06458;4,13857
1278;504,84174;4,14177
1279;505,6015;4,14536
1280;506,37115;4,14951
1281;507,14453;4,15443
1282;507,9166;4,15972
1283;508,6987;4,1654599999999995
1284;509,48157;4,17174
1285;510,24338;4,17762
1286;510,99289;4,18257
1287;511,72931;4,18637
1288;512,47424;4,18962
1289;513,20221;4,19286
1290;513,91986;4,19626
1291;514,6405;4,19958
1292;515,36804;4,2028099999999995
1293;516,09332;4,20626
1294;516,81781;4,2101
1295;517,53925;4,214729999999999
1296;518,25458;4,22067
1297;518,96204;4,22679
1298;519,66821;4,23266
1299;520,37946;4,23906
1300;521,09784;4,24568
1301;521,80933;4,25209
1302;522,50818;4,2589500000000005
1303;523,20038;4,26645
1304;523,89996;4,27389
1305;524,60168;4,28049
1306;525,32086;4,28647
1307;526,04541;4,29124
1308;526,7627;4,2953
1309;527,48059;4,29945
1310;528,19391;4,30366
1311;528,90015;4,30797
1312;529,61664;4,31266
1313;530,32843;4,3172999999999995
1314;531,03735;4,32227
1315;531,72943;4,32715
1316;532,41638;4,33197
1317;533,10339;4,33657
1318;533,77509;4,34045
1319;534,42883;4,34408
1320;535,08691;4,3473500000000005
1321;535,76019;4,35117
1322;536,4292;4,35562
1323;537,09045;4,35999
1324;537,75513;4,3647
1325;538,41028;4,36937
1326;539,0578;4,37441
1327;539,70441;4,3797
1328;540,35748;4,38507
1329;541,01068;4,39035
1330;541,64508;4,39506
1331;542,27582;4,39909
1332;542,9184;4,40321
1333;543,55743;4,40749
1334;544,19434;4,41196
1335;544,83673;4,41688
1336;545,48492;4,42213
1337;546,1322;4,42748
1338;546,78613;4,43336
1339;547,4436;4,4398599999999995
1340;548,10376;4,44614
1341;548,75189;4,45296
1342;549,39404;4,45991
1343;550,04297;4,46612
1344;550,69147;4,47115
1345;551,32611;4,4757
1346;551,96094;4,48008
1347;552,59564;4,48389
1348;553,22168;4,48719
1349;553,82422;4,49098
1350;554,41992;4,49491
1351;555,01392;4,4989
1352;555,61218;4,50319
1353;556,21118;4,506959999999999
1354;556,81268;4,50993
1355;557,40955;4,51253
1356;557,99036;4,5159
1357;558,57465;4,51994
1358;559,16681;4,52427
1359;559,7561;4,52862
1360;560,34723;4,53292
1361;560,93414;4,53751
1362;561,51892;4,54252
1363;562,09491;4,54748
1364;562,66705;4,5518
1365;563,25586;4,55545
1366;563,84436;4,55905
1367;564,43146;4,56294
1368;565,02472;4,56752
1369;565,61188;4,57251
1370;566,21442;4,5771
1371;566,81818;4,58117
1372;567,40576;4,58532
1373;567,98187;4,58923
1374;568,56537;4,5928
1375;569,15594;4,59661
1376;569,72949;4,60041
1377;570,28784;4,604150000000001
1378;570,84851;4,60792
1379;571,3999;4,61146
1380;571,9483;4,61583
1381;572,49298;4,62118
1382;573,03998;4,626939999999999
1383;573,58722;4,63321
1384;574,13275;4,63905
1385;574,68219;4,64466
1386;575,22906;4,65048
1387;575,77228;4,6564499999999995
1388;576,30615;4,661989999999999
1389;576,83752;4,66807
1390;577,3761;4,67394
1391;577,92291;4,68017
1392;578,4726;4,685919999999999
1393;579,00568;4,69068
1394;579,5426;4,6944
1395;580,09052;4,69778
1396;580,62646;4,70132
1397;581,15039;4,704829999999999
1398;581,69037;4,708489999999999
1399;582,23608;4,71231
1400;582,76874;4,71593
1401;583,29468;4,71935
1402;583,83246;4,72337
1403;584,38147;4,72807
1404;584,92908;4,7328600000000005
1405;585,46112;4,737629999999999
1406;585,98975;4,74198
1407;586,50787;4,74665
1408;587,02704;4,75123
1409;587,54547;4,7560199999999995
1410;588,04834;4,76054
1411;588,53778;4,76544
1412;589,039;4,771
1413;589,54718;4,77759
1414;590,04913;4,78476
1415;590,53638;4,7923
1416;591,02112;4,79992
1417;591,50995;4,807119999999999
1418;591,99908;4,81271
1419;592,48877;4,8173200000000005
1420;592,96503;4,82118
1421;593,43787;4,824809999999999
1422;593,92236;4,82834
1423;594,41187;4,83173
1424;594,9054;4,835430000000001
1425;595,40417;4,839
1426;595,8963;4,8422
1427;596,3938;4,8455200000000005
1428;596,8924;4,8491800000000005
1429;597,37775;4,85291
1430;597,86121;4,8569700000000005
1431;598,3573;4,86128
1432;598,85687;4,86617
1433;599,35553;4,87166
1434;599,84918;4,87817
1435;600,336;4,88588
1436;600,82343;4,894019999999999
1437;601,29565;4,90158
1438;601,74701;4,9076
1439;602,1911;4,91295
1440;602,638;4,91788
1441;603,10559;4,922689999999999
1442;603,56714;4,9265
1443;604,02374;4,930680000000001
1444;604,47559;4,9348600000000005
1445;604,92419;4,93912
1446;605,36871;4,9435199999999995
1447;605,80981;4,948230000000001
1448;606,25806;4,952780000000001
1449;606,70056;4,9577
1450;607,13873;4,962870000000001
1451;607,58258;4,96711
1452;608,02216;4,970940000000001
1453;608,45593;4,97498
1454;608,89343;4,9792000000000005
1455;609,33655;4,98341
1456;609,78253;4,98797
1457;610,22449;4,993259999999999
1458;610,67517;4,9991
1459;611,11682;5,00501
1460;611,55804;5,01143
1461;612,00055;5,01807
1462;612,45502;5,02422
1463;612,91272;5,0301100000000005
1464;613,36249;5,03583
1465;613,80298;5,041259999999999
1466;614,23779;5,04651
1467;614,65448;5,05153
1468;615,05591;5,057309999999999
1469;615,45471;5,06311
1470;615,85968;5,06858
1471;616,27362;5,07355
1472;616,70264;5,07774
1473;617,11957;5,0811399999999995
1474;617,52161;5,08467
1475;617,92773;5,08858
1476;618,32648;5,09255
1477;618,72321;5,09668
1478;619,12024;5,10181
1479;619,52319;5,10722
1480;619,92377;5,11293
1481;620,32819;5,11866
1482;620,73041;5,12456
1483;621,12897;5,13076
1484;621,52124;5,13649
1485;621,91833;5,14157
1486;622,33057;5,14617
1487;622,74048;5,1501
1488;623,14777;5,1540300000000006
1489;623,56354;5,157830000000001
1490;623,96759;5,16147
1491;624,36121;5,16516
1492;624,76727;5,168810000000001
1493;625,18341;5,17243
1494;625,59955;5,17625
1495;625,99786;5,18003
1496;626,39532;5,18385
1497;626,79596;5,18846
1498;627,17676;5,19337
1499;627,5578;5,19847
1500;627,92914;5,20353
1501;628,29425;5,20887
1502;628,66888;5,21446
1503;629,03839;5,2203
1504;629,40045;5,226
1505;629,763;5,23128
1506;630,13239;5,2356300000000005
1507;630,49414;5,23948
1508;630,84906;5,24369
1509;631,22052;5,2486
1510;631,59583;5,25408
1511;631,96442;5,26052
1512;632,32806;5,26722
1513;632,69446;5,2736
1514;633,05035;5,2796199999999995
1515;633,40753;5,28556
1516;633,77045;5,29181
1517;634,13812;5,29785
1518;634,51276;5,304
1519;634,88446;5,309670000000001
1520;635,26215;5,31461
1521;635,63367;5,31897
1522;635,99512;5,3233
1523;636,36438;5,32741
1524;636,74359;5,33174
1525;637,11493;5,3364899999999995
1526;637,48138;5,34176
1527;637,84161;5,34698
1528;638,19202;5,35241
1529;638,53516;5,358219999999999
1530;638,87964;5,36447
1531;639,22693;5,3712599999999995
1532;639,56781;5,37843
1533;639,90948;5,38549
1534;640,25293;5,39162
1535;640,58875;5,3968799999999995
1536;640,92474;5,40127
1537;641,26691;5,404859999999999
1538;641,60162;5,407970000000001
1539;641,92963;5,41112
1540;642,26031;5,41456
1541;642,58893;5,41857
1542;642,90399;5,4234100000000005
1543;643,21674;5,428599999999999
1544;643,5415;5,433529999999999
1545;643,88617;5,43848
1546;644,22595;5,4436800000000005
1547;644,56165;5,44914
1548;644,90875;5,45472
1549;645,25739;5,46042
1550;645,60132;5,46615
1551;645,93262;5,4717199999999995
1552;646,26306;5,47748
1553;646,59631;5,483359999999999
1554;646,92932;5,4889
1555;647,2674;5,49388
1556;647,60767;5,49855
1557;647,93164;5,5031300000000005
1558;648,23083;5,50734
1559;648,53101;5,5113199999999996
1560;648,84399;5,51515
1561;649,14514;5,51975
1562;649,44574;5,52364
1563;649,75873;5,527419999999999
1564;650,05975;5,531359999999999
1565;650,35352;5,5354
1566;650,64929;5,53953
1567;650,95251;5,54341
1568;651,25287;5,54711
1569;651,54718;5,55093
1570;651,84369;5,5543499999999995
1571;652,13672;5,55809
1572;652,41766;5,56155
1573;652,70154;5,56541
1574;652,99359;5,56975
1575;653,30139;5,57513
1576;653,6059;5,5816099999999995
1577;653,91803;5,5883
1578;654,23499;5,594860000000001
1579;654,54865;5,6014800000000005
1580;654,8512;5,6081199999999995
1581;655,16357;5,61481
1582;655,48444;5,62137
1583;655,79736;5,62786
1584;656,11633;5,63405
1585;656,42474;5,6401
1586;656,71521;5,64579
1587;656,99969;5,650449999999999
1588;657,27997;5,65413
1589;657,55292;5,65729
1590;657,81787;5,66004
1591;658,09167;5,66237
1592;658,37683;5,6647300000000005
1593;658,66278;5,66771
1594;658,94196;5,67094
1595;659,20831;5,67464
1596;659,47211;5,6787
1597;659,73633;5,68313
1598;660,00293;5,688000000000001
1599;660,28027;5,69331
1600;660,56049;5,69811
1601;660,8335;5,70335
1602;661,09705;5,70903
1603;661,36255;5,715339999999999
1604;661,633;5,722160000000001
1605;661,90015;5,7291799999999995
1606;662,17303;5,7371300000000005
1607;662,44916;5,746090000000001
1608;662,73364;5,75475
1609;663,01355;5,76199
1610;663,28906;5,7679
1611;663,5694;5,77242
1612;663,84448;5,77618
1613;664,12622;5,77937
1614;664,41016;5,78231
1615;664,67603;5,78525
1616;664,94281;5,78805
1617;665,19751;5,79101
1618;665,43713;5,79451
1619;665,68286;5,79817
1620;665,93665;5,80175
1621;666,18207;5,8055
1622;666,42664;5,8095300000000005
1623;666,69263;5,81356
1624;666,95935;5,8178
1625;667,2149;5,82282
1626;667,47064;5,82859
1627;667,72144;5,834
1628;667,95728;5,83918
1629;668,19263;5,84476
1630;668,44189;5,84997
1631;668,69641;5,85536
1632;668,94409;5,861079999999999
1633;669,18103;5,86665
1634;669,4115;5,87223
1635;669,64081;5,87835
1636;669,87494;5,88502
1637;670,12561;5,89148
1638;670,38684;5,89664
1639;670,6358;5,9011
1640;670,88501;5,90532
1641;671,14069;5,90947
1642;671,40027;5,91355
1643;671,66907;5,91805
1644;671,92993;5,92319
1645;672,18768;5,92814
1646;672,42963;5,93326
1647;672,65759;5,93795
1648;672,88715;5,94228
1649;673,11578;5,94618
1650;673,33893;5,9497800000000005
1651;673,55872;5,95313
1652;673,78693;5,9566
1653;674,0174;5,96006
1654;674,2428;5,963760000000001
1655;674,46967;5,9679199999999994
1656;674,69263;5,97286
1657;674,91357;5,97761
1658;675,12921;5,98202
1659;675,34662;5,98709
1660;675,5553;5,99284
1661;675,76068;5,99923
1662;675,97009;6,0057
1663;676,18048;6,01233
1664;676,39844;6,01849
1665;676,62103;6,02397
1666;676,85052;6,029170000000001
1667;677,08002;6,03434
1668;677,30585;6,03905
1669;677,52728;6,04311
1670;677,75952;6,04667
1671;677,98718;6,05042
1672;678,20758;6,05405
1673;678,42816;6,05819
1674;678,65802;6,06312
1675;678,88171;6,068490000000001
1676;679,10785;6,074590000000001
1677;679,3288;6,08109
1678;679,54083;6,0876
1679;679,73792;6,09368
1680;679,93579;6,0991800000000005
1681;680,14783;6,104369999999999
1682;680,35083;6,109249999999999
1683;680,54004;6,11359
1684;680,73743;6,11769
1685;680,93054;6,1218
1686;681,12494;6,12613
1687;681,33295;6,1302900000000005
1688;681,55157;6,1348400000000005
1689;681,7597;6,139469999999999
1690;681,95386;6,14459
1691;682,15442;6,14968
1692;682,35321;6,15505
1693;682,54651;6,16043
1694;682,73773;6,1655999999999995
1695;682,9325;6,17065
1696;683,13202;6,17625
1697;683,32379;6,1822
1698;683,51306;6,188409999999999
1699;683,70831;6,1957699999999996
1700;683,91388;6,20402
1701;684,12286;6,21157
1702;684,3269;6,21879
1703;684,5321;6,22574
1704;684,73615;6,23227
1705;684,94653;6,23848
1706;685,15442;6,24427
1707;685,35498;6,24965
1708;685,54443;6,25481
1709;685,71857;6,26021
1710;685,88995;6,265639999999999
1711;686,06696;6,27102
1712;686,25049;6,27671
1713;686,42682;6,2829
1714;686,60364;6,28858
1715;686,78186;6,29393
1716;686,96222;6,29862
1717;687,14819;6,3034
1718;687,32538;6,30849
1719;687,51111;6,31379
1720;687,69128;6,31903
1721;687,86169;6,32393
1722;688,03259;6,32885
1723;688,2027;6,333959999999999
1724;688,37726;6,33887
1725;688,54681;6,34382
1726;688,72742;6,34937
1727;688,93323;6,355169999999999
1728;689,13904;6,36137
1729;689,34015;6,36739
1730;689,53613;6,37343
1731;689,71808;6,38018
1732;689,90729;6,38658
1733;690,10248;6,3929
1734;690,2995;6,40034
1735;690,47906;6,408659999999999
1736;690,64386;6,4160699999999995
1737;690,80933;6,42241
1738;690,97565;6,42853
1739;691,14124;6,434
1740;691,30688;6,4388000000000005
1741;691,46985;6,4435199999999995
1742;691,6225;6,44817
1743;691,76807;6,45257
1744;691,91925;6,45597
1745;692,0788;6,45899
1746;692,24377;6,46223
1747;692,39325;6,46583
1748;692,54236;6,47027
1749;692,70081;6,47459
1750;692,85541;6,478870000000001
1751;693,0188;6,48399
1752;693,18115;6,48967
1753;693,33783;6,49552
1754;693,49518;6,50118
1755;693,66455;6,507
1756;693,84418;6,513389999999999
1757;694,01465;6,520569999999999
1758;694,18201;6,52711
1759;694,34894;6,5334
1760;694,5166;6,5393
1761;694,68701;6,544449999999999
1762;694,86066;6,54923
1763;695,03381;6,55391
1764;695,19641;6,55908
1765;695,34717;6,5648800000000005
1766;695,50427;6,57048
1767;695,65295;6,57611
1768;695,80121;6,5818200000000004
1769;695,94348;6,58706
1770;696,08398;6,59258
1771;696,21631;6,59818
1772;696,35101;6,60318
1773;696,50812;6,60763
1774;696,67517;6,61299
1775;696,82153;6,61884
1776;696,96649;6,62474
1777;697,10345;6,63028
1778;697,23853;6,63585
1779;697,37085;6,64063
1780;697,51208;6,64493
1781;697,65704;6,64936
1782;697,78583;6,65335
1783;697,91766;6,65726
1784;698,04028;6,66167
1785;698,17133;6,66669
1786;698,30774;6,67213
1787;698,45947;6,6772599999999995
1788;698,63239;6,68258
1789;698,78741;6,68847
1790;698,9353;6,69417
1791;699,09198;6,69999
1792;699,24847;6,70629
1793;699,40875;6,7122
1794;699,57562;6,71752
1795;699,74109;6,72308
1796;699,88733;6,72923
1797;700,00873;6,73509
1798;700,13177;6,74101
1799;700,2525;6,74727
1800;700,36432;6,75296
1801;700,48145;6,75898
1802;700,61401;6,7652
1803;700,75165;6,77119
1804;700,87476;6,77662
1805;701,00397;6,78171
1806;701,13226;6,78626
1807;701,24438;6,79094
1808;701,36017;6,7959
1809;701,49164;6,80054
1810;701,62738;6,80473
1811;701,75;6,80884
1812;701,86749;6,81323
1813;701,98431;6,8181
1814;702,10406;6,82348
1815;702,22522;6,82975
1816;702,35156;6,83598
1817;702,492;6,84189
1818;702,63507;6,84801
1819;702,77179;6,85459
1820;702,91559;6,86131
1821;703,06311;6,86833
1822;703,19757;6,87535
1823;703,33655;6,88148
1824;703,47925;6,88718
1825;703,61121;6,89268
1826;703,73798;6,89747
1827;703,85559;6,90128
1828;703,96313;6,90481
1829;704,06921;6,90798
1830;704,17816;6,91209
1831;704,29706;6,91703
1832;704,41907;6,92211
1833;704,54108;6,92785
1834;704,65668;6,93424
1835;704,76239;6,94097
1836;704,87305;6,94714
1837;704,97821;6,95325
1838;705,07697;6,95938
1839;705,1825;6,96509
1840;705,29492;6,97092
1841;705,41144;6,97681
1842;705,53021;6,98277
1843;705,63898;6,98948
1844;705,75903;6,99619
1845;705,87775;7,00236
1846;706,00079;7,00841
1847;706,12109;7,01441
1848;706,24811;7,0199
1849;706,35596;7,02508
1850;706,46167;7,02975
1851;706,59003;7,0333
1852;706,71765;7,03623
1853;706,84387;7,03968
1854;706,97015;7,04367
1855;707,08594;7,04719
1856;707,20593;7,0504299999999995
1857;707,31573;7,05414
1858;707,42053;7,05861
1859;707,51636;7,06459
1860;707,62189;7,0718499999999995
1861;707,73999;7,08056
1862;707,85864;7,0896799999999995
1863;707,95654;7,09819
1864;708,04828;7,10523
1865;708,1394;7,11112
1866;708,22949;7,11628
1867;708,32684;7,12134
1868;708,422;7,12639
1869;708,51923;7,13149
1870;708,61853;7,13663
1871;708,70953;7,1423499999999995
1872;708,7973;7,14858
1873;708,88934;7,15582
1874;708,99451;7,16361
1875;709,10321;7,17073
1876;709,21063;7,17721
1877;709,32013;7,18324
1878;709,43164;7,18863
1879;709,53668;7,19378
1880;709,6394;7,1985
1881;709,73755;7,20322
1882;709,83313;7,20789
1883;709,9342;7,21332
1884;710,04944;7,21869
1885;710,16443;7,22433
1886;710,26935;7,23027
1887;710,36859;7,2365
1888;710,44824;7,24308
1889;710,51953;7,25026
1890;710,60303;7,25781
1891;710,70673;7,2651
1892;710,80438;7,27251
1893;710,8963;7,27914
1894;710,98407;7,28528
1895;711,0672;7,2917
1896;711,14655;7,2979
1897;711,22302;7,3037
1898;711,30804;7,30983
1899;711,39484;7,31585
1900;711,46906;7,32142
1901;711,54877;7,3269
1902;711,63898;7,3319
1903;711,70636;7,33676
1904;711,77155;7,34133
1905;711,85052;7,34558
1906;711,93921;7,34921
1907;712,03204;7,35293
1908;712,13641;7,35685
1909;712,25323;7,36144
1910;712,35767;7,36676
1911;712,44751;7,3721
1912;712,53381;7,37723
1913;712,62842;7,38186
1914;712,71936;7,38566
1915;712,80481;7,38851
1916;712,89795;7,3915
1917;712,97943;7,3949
1918;713,04285;7,39848
1919;713,11212;7,4024
1920;713,1994;7,40737
1921;713,28833;7,41355
1922;713,3595;7,42086
1923;713,43079;7,42888
1924;713,50537;7,43722
1925;713,57471;7,44465
1926;713,651;7,45175
1927;713,73096;7,45828
1928;713,8078;7,4646099999999995
1929;713,88165;7,47023
1930;713,95471;7,4751199999999995
1931;714,0412;7,48001
1932;714,11609;7,4849
1933;714,18683;7,48966
1934;714,26282;7,49473
1935;714,32849;7,50022
1936;714,3938;7,50557
1937;714,46948;7,51129
1938;714,5672;7,51771
1939;714,65845;7,52437
1940;714,73846;7,53163
1941;714,83105;7,53956
1942;714,9176;7,5478
1943;714,99432;7,55649
1944;715,07806;7,56478
1945;715,17334;7,57225
1946;715,26764;7,57873
1947;715,32874;7,58442
1948;715,39478;7,58982
1949;715,47192;7,59472
1950;715,53119;7,599489999999999
1951;715,57745;7,6051
1952;715,63959;7,611840000000001
1953;715,70532;7,61909
1954;715,7594;7,62668
1955;715,81818;7,6340900000000005
1956;715,89545;7,64067
1957;715,96411;7,646460000000001
1958;716,02631;7,65136
1959;716,09961;7,655760000000001
1960;716,16693;7,659790000000001
1961;716,21356;7,66348
1962;716,26416;7,66675
1963;716,33521;7,67074
1964;716,40216;7,675319999999999
1965;716,46942;7,6808
1966;716,54297;7,686579999999999
1967;716,62317;7,69257
1968;716,70105;7,69816
1969;716,77356;7,70318
1970;716,85913;7,7080400000000004
1971;716,93994;7,71336
1972;717,00165;7,719000000000001
1973;717,07867;7,72517
1974;717,16852;7,731439999999999
1975;717,24921;7,73808
1976;717,31567;7,7447
1977;717,37537;7,7508
1978;717,42987;7,756820000000001
1979;717,47461;7,762460000000001
1980;717,52039;7,76779
1981;717,58112;7,772729999999999
1982;717,64447;7,77787
1983;717,68964;7,783190000000001
1984;717,74371;7,7881
1985;717,80457;7,79341
1986;717,86194;7,79937
1987;717,92542;7,805720000000001
1988;717,98083;7,81268
1989;718,03613;7,820869999999999
1990;718,08881;7,82985
1991;718,13757;7,839310000000001
1992;718,17999;7,848469999999999
1993;718,22217;7,856169999999999
1994;718,26654;7,86262
1995;718,31329;7,86795
1996;718,36584;7,872530000000001
1997;718,42664;7,87698
1998;718,49292;7,88133
1999;718,55402;7,88574
2000;718,62482;7,8911
2001;718,69122;7,89682
2002;718,7514;7,90213
2003;718,82159;7,907160000000001
2004;718,90131;7,91239
2005;718,97491;7,91738
2006;719,03662;7,922319999999999
2007;719,08893;7,927209999999999
2008;719,1391;7,93183
2009;719,18378;7,93591
2010;719,2287;7,94069
2011;719,2832;7,94703
2012;719,34467;7,9544999999999995
2013;719,40063;7,961649999999999
2014;719,44586;7,96865
2015;719,48126;7,97551
2016;719,51862;7,981909999999999
2017;719,5498;7,98817
2018;719,59009;7,995059999999999
2019;719,64233;8,00253
2020;719,68549;8,01002
2021;719,73505;8,01716
2022;719,78113;8,02423
2023;719,82898;8,031030000000001
2024;719,87048;8,03718
2025;719,91467;8,04318
2026;719,97034;8,049140000000001
2027;720,02417;8,0552
2028;720,08521;8,06077
2029;720,14838;8,06598
2030;720,21143;8,07047
2031;720,26691;8,07494
2032;720,31726;8,079699999999999
2033;720,38287;8,08399
2034;720,45282;8,08858
2035;720,5144;8,09354
2036;720,56256;8,099160000000001
2037;720,59912;8,10492
2038;720,63348;8,111180000000001
2039;720,67334;8,11744
2040;720,71814;8,12354
2041;720,76007;8,13027
2042;720,78961;8,13612
2043;720,82983;8,14212
2044;720,87811;8,14789
2045;720,91431;8,154029999999999
2046;720,94702;8,159279999999999
2047;720,98718;8,16375
2048;721,01941;8,16844
2049;721,0498;8,17324
2050;721,08423;8,17748
2051;721,12164;8,181239999999999
2052;721,14581;8,18459
2053;721,17096;8,18784
2054;721,20807;8,19137
2055;721,25122;8,19568
2056;721,29211;8,20111
2057;721,34875;8,20704
2058;721,41534;8,212679999999999
2059;721,46594;8,21838
2060;721,50977;8,22433
2061;721,56506;8,23057
2062;721,61792;8,23772
2063;721,67017;8,24617
2064;721,72412;8,254909999999999
2065;721,7876;8,26409
2066;721,84741;8,27313
2067;721,87653;8,281600000000001
2068;721,89838;8,28999
2069;721,92255;8,29803
2070;721,93542;8,30514
2071;721,95789;8,31203
2072;721,99469;8,3187
2073;722,021;8,32532
2074;722,04108;8,33116
2075;722,0661;8,336179999999999
2076;722,09558;8,34027
2077;722,12762;8,34431
2078;722,16235;8,348880000000001
2079;722,20819;8,35375
2080;722,23584;8,3591
2081;722,25763;8,36486
2082;722,29053;8,370940000000001
2083;722,31958;8,376909999999999
2084;722,34705;8,38335
2085;722,3819;8,389800000000001
2086;722,42224;8,396460000000001
2087;722,46497;8,40291
2088;722,52057;8,408999999999999
2089;722,56671;8,41479
2090;722,61212;8,42006
2091;722,66302;8,42476
2092;722,71478;8,42915
2093;722,75885;8,43326
2094;722,79834;8,43768
2095;722,82684;8,442129999999999
2096;722,8642;8,44731
2097;722,8847;8,45298
2098;722,90179;8,45885
2099;722,93304;8,465019999999999
2100;722,95703;8,47185
2101;722,9743;8,47862
2102;722,99316;8,48569
2103;723,01642;8,492840000000001
2104;723,04272;8,49999
2105;723,06567;8,507
2106;723,0871;8,513200000000001
2107;723,11896;8,51935
2108;723,14142;8,52553
2109;723,16614;8,530909999999999
2110;723,18756;8,53678
2111;723,2041;8,5433
2112;723,2135;8,54937
2113;723,22296;8,554839999999999
2114;723,24066;8,56027
2115;723,26703;8,56523
2116;723,30768;8,57019
2117;723,34131;8,57544
2118;723,37769;8,580259999999999
2119;723,40253;8,584430000000001
2120;723,42798;8,588560000000001
2121;723,46344;8,59292
2122;723,50079;8,59842
2123;723,55023;8,60567
2124;723,59259;8,613520000000001
2125;723,62781;8,62049
2126;723,6557;8,62714
2127;723,66907;8,633980000000001
2128;723,68311;8,64043
2129;723,70166;8,64651
2130;723,71466;8,65208
2131;723,72986;8,65781
2132;723,74561;8,66393
2133;723,75958;8,67034
2134;723,77863;8,67675
2135;723,79901;8,68292
2136;723,81177;8,68842
2137;723,82465;8,693159999999999
2138;723,8421;8,698730000000001
2139;723,86102;8,705269999999999
2140;723,88434;8,71204
2141;723,90442;8,71908
2142;723,92517;8,72581
2143;723,94037;8,73245
2144;723,9494;8,73893
2145;723,97083;8,745650000000001
2146;723,99792;8,75293
2147;724,01593;8,76113
2148;724,03632;8,769549999999999
2149;724,05878;8,77748
2150;724,09137;8,78487
2151;724,1225;8,79244
2152;724,15826;8,79973
2153;724,20801;8,80679
2154;724,25732;8,81358
2155;724,29529;8,81936
2156;724,31433;8,82456
2157;724,32751;8,828669999999999
2158;724,33545;8,83178
2159;724,34058;8,83444
2160;724,33844;8,83775
2161;724,34186;8,8422
2162;724,36243;8,847339999999999
2163;724,37866;8,85305
2164;724,39288;8,85928
2165;724,40186;8,86592
2166;724,41241;8,8728
2167;724,42883;8,87896
2168;724,43823;8,88489
2169;724,45856;8,89101
2170;724,46948;8,89724
2171;724,47339;8,90355
2172;724,48181;8,90982
2173;724,4873;8,91547
2174;724,48999;8,920950000000001
2175;724,49463;8,92697
2176;724,51599;8,93342
2177;724,5365;8,9402
2178;724,56122;8,94715
2179;724,58948;8,95374
2180;724,6167;8,960180000000001
2181;724,6405;8,96649
2182;724,67169;8,97245
2183;724,69971;8,97871
2184;724,72955;8,98489
2185;724,75598;8,99071
2186;724,76477;8,9957
2187;724,76099;9,00023
2188;724,76965;9,00469
2189;724,77838;9,0091
2190;724,77563;9,01366
2191;724,77496;9,019169999999999
2192;724,77325;9,025590000000001
2193;724,7738;9,032309999999999
2194;724,78107;9,038689999999999
2195;724,79285;9,04416
2196;724,80194;9,049610000000001
2197;724,80975;9,055710000000001
2198;724,81769;9,062339999999999
2199;724,8327;9,06879
2200;724,84357;9,07602
2201;724,86328;9,083770000000001
2202;724,87476;9,091380000000001
2203;724,88159;9,09858
2204;724,8927;9,10541
2205;724,90601;9,11153
2206;724,91803;9,11701
2207;724,92236;9,12168
2208;724,93298;9,12562
2209;724,94531;9,12931
2210;724,961;9,13292
2211;724,97339;9,13665
2212;724,98773;9,1405
2213;725,00861;9,143889999999999
2214;725,03912;9,14723
2215;725,05853;9,15123
2216;725,06537;9,156600000000001
2217;725,0686;9,16359
2218;725,06958;9,17203
2219;725,06287;9,18196
2220;725,05353;9,192879999999999
2221;725,04614;9,203669999999999
2222;725,03497;9,21329
2223;725,03113;9,22176
2224;725,03259;9,22884
2225;725,04724;9,2355
2226;725,05469;9,24244
2227;725,05353;9,24943
2228;725,06018;9,255700000000001
2229;725,05304;9,26182
2230;725,04095;9,267710000000001
2231;725,03601;9,27416
2232;725,04187;9,28106
2233;725,04596;9,28765
2234;725,04486;9,29476
2235;725,04419;9,301919999999999
2236;725,05017;9,309429999999999
2237;725,065;9,31686
2238;725,0766;9,323730000000001
2239;725,08997;9,32967
2240;725,11035;9,33494
2241;725,11859;9,34051
2242;725,12994;9,3464
2243;725,14618;9,35211
2244;725,16394;9,358080000000001
2245;725,16821;9,364460000000001
2246;725,17401;9,371030000000001
2247;725,17468;9,37748
2248;725,17139;9,384039999999999
2249;725,16785;9,39072
2250;725,17023;9,397639999999999
2251;725,17249;9,40373
2252;725,16113;9,40927
2253;725,15729;9,414200000000001
2254;725,16779;9,41882
2255;725,16058;9,424479999999999
2256;725,15326;9,430150000000001
2257;725,14215;9,435469999999999
2258;725,13501;9,44099
2259;725,13342;9,44656
2260;725,12799;9,45193
2261;725,12457;9,45618
2262;725,11517;9,459430000000001
2263;725,09521;9,462620000000001
2264;725,09003;9,46657
2265;725,08496;9,47228
2266;725,09082;9,48003
2267;725,09967;9,48876
2268;725,11243;9,49795
2269;725,13153;9,50822
2270;725,15369;9,51881
2271;725,1698;9,52882
2272;725,18134;9,53726
2273;725,19073;9,545069999999999
2274;725,20862;9,552399999999999
2275;725,22229;9,55902
2276;725,22992;9,56508
2277;725,22552;9,57033
2278;725,21863;9,5749
2279;725,20642;9,57928
2280;725,18842;9,582799999999999
2281;725,17938;9,585989999999999
2282;725,1734;9,58883
2283;725,16425;9,59192
2284;725,14728;9,59545
2285;725,12695;9,59984
2286;725,11346;9,60522
2287;725,09558;9,61129
2288;725,07538;9,61873
2289;725,06952;9,626940000000001
2290;725,06891;9,6358
2291;725,06464;9,64569
2292;725,06323;9,65524
2293;725,05811;9,66353
2294;725,05707;9,67004
2295;725,05872;9,675519999999999
2296;725,0683;9,68033
2297;725,08154;9,68563
2298;725,09723;9,69124
2299;725,099;9,69758
2300;725,10077;9,704180000000001
2301;725,10272;9,71143
2302;725,10541;9,71942
2303;725,11914;9,72715
2304;725,1261;9,734919999999999
2305;725,12805;9,74272
2306;725,12756;9,7508
2307;725,11963;9,75868
2308;725,10144;9,76549
2309;725,08441;9,771709999999999
2310;725,07074;9,77779
2311;725,0589;9,78332
2312;725,04767;9,78859
2313;725,04041;9,7936
2314;725,02271;9,79929
2315;725,00104;9,80454
2316;724,97736;9,80982
2317;724,96368;9,81555
2318;724,94739;9,82127
2319;724,92346;9,826550000000001
2320;724,9046;9,831800000000001
2321;724,89148;9,83708
2322;724,88739;9,84282
2323;724,88;9,84849
2324;724,87152;9,85492
2325;724,862;9,86145
2326;724,85486;9,867799999999999
2327;724,85126;9,874130000000001
2328;724,85657;9,880790000000001
2329;724,85437;9,8873
2330;724,84784;9,89462
2331;724,84692;9,903310000000001
2332;724,84955;9,912569999999999
2333;724,84985;9,92225
2334;724,85046;9,93154
2335;724,85358;9,93949
2336;724,84369;9,945979999999999
2337;724,82257;9,951319999999999
2338;724,80798;9,95578
2339;724,78918;9,960429999999999
2340;724,76581;9,96492
2341;724,74719;9,969190000000001
2342;724,73267;9,97387
2343;724,71155;9,97887
2344;724,70776;9,98396
2345;724,69592;9,988900000000001
2346;724,68097;9,99386
2347;724,65686;9,99901
2348;724,63214;10,004809999999999
2349;724,60858;10,01049
2350;724,58905;10,01593
2351;724,58258;10,02151
2352;724,55975;10,02729
2353;724,53613;10,03271
2354;724,53156;10,038450000000001
2355;724,52283;10,04424
2356;724,50531;10,05122
2357;724,48743;10,05908
2358;724,48035;10,06677
2359;724,46545;10,07453
2360;724,45325;10,08275
2361;724,46838;10,09114
2362;724,46674;10,10034
2363;724,46057;10,10857
2364;724,46301;10,115680000000001
2365;724,47137;10,12182
2366;724,47357;10,12697
2367;724,46625;10,1314
2368;724,46295;10,13566
2369;724,44275;10,14013
2370;724,39954;10,14613
2371;724,36847;10,15302
2372;724,34625;10,160789999999999
2373;724,32794;10,16877
2374;724,30548;10,176680000000001
2375;724,28973;10,1843
2376;724,27216;10,19148
2377;724,24329;10,19794
2378;724,22168;10,20421
2379;724,21332;10,21
2380;724,19061;10,21538
2381;724,16388;10,22106
2382;724,14655;10,227219999999999
2383;724,13611;10,23413
2384;724,10968;10,2421
2385;724,08514;10,25076
2386;724,07336;10,26019
2387;724,06061;10,26951
2388;724,05286;10,27883
2389;724,04639;10,28734
2390;724,04443;10,29441
2391;724,04706;10,29993
2392;724,0509;10,30398
2393;724,05347;10,307400000000001
2394;724,05292;10,31074
2395;724,04279;10,31385
2396;724,02856;10,31734
2397;724,01245;10,321629999999999
2398;723,98254;10,32672
2399;723,94141;10,33277
2400;723,91241;10,33947
2401;723,88983;10,34634
2402;723,86493;10,35271
2403;723,82965;10,35849
2404;723,80835;10,36448
2405;723,78101;10,370190000000001
2406;723,74518;10,37543
2407;723,72693;10,38095
2408;723,70612;10,38673
2409;723,6778;10,39322
2410;723,65045;10,40082
2411;723,63892;10,40981
2412;723,61462;10,41993
2413;723,58405;10,42977
2414;723,56427;10,438690000000001
2415;723,54877;10,44633
2416;723,53046;10,45276
2417;723,52325;10,45823
2418;723,51965;10,46257
2419;723,51324;10,46692
2420;723,505;10,47179
2421;723,49591;10,47658
2422;723,48694;10,481449999999999
2423;723,47388;10,486989999999999
2424;723,47754;10,493210000000001
2425;723,48749;10,49961
2426;723,47296;10,507100000000001
2427;723,43976;10,51513
2428;723,40631;10,523399999999999
2429;723,37402;10,532029999999999
2430;723,32593;10,540230000000001
2431;723,29016;10,54806
2432;723,27057;10,555810000000001
2433;723,24811;10,56297
2434;723,21863;10,568909999999999
2435;723,18701;10,57416
2436;723,16022;10,579360000000001
2437;723,11737;10,5853
2438;723,0752;10,59155
2439;723,06036;10,597819999999999
2440;723,04858;10,60422
2441;723,02856;10,61073
2442;722,99866;10,61741
2443;722,96521;10,62449
2444;722,92914;10,63239
2445;722,8938;10,64069
2446;722,87189;10,64798
2447;722,85944;10,65446
2448;722,85675;10,6609
2449;722,85406;10,66753
2450;722,83997;10,67445
2451;722,8241;10,681939999999999
2452;722,81128;10,69004
2453;722,80334;10,69882
2454;722,78351;10,70716
2455;722,75562;10,71422
2456;722,73584;10,72066
2457;722,70453;10,72672
2458;722,65533;10,73253
2459;722,62238;10,738
2460;722,59955;10,74313
2461;722,58136;10,74864
2462;722,54584;10,75407
2463;722,51367;10,75923
2464;722,49561;10,76463
2465;722,46613;10,76995
2466;722,42041;10,77554
2467;722,38177;10,781789999999999
2468;722,35852;10,78945
2469;722,32672;10,79841
2470;722,29175;10,80742
2471;722,26727;10,81604
2472;722,23706;10,82356
2473;722,19421;10,82992
2474;722,15668;10,83483
2475;722,13776;10,83978
2476;722,11041;10,846119999999999
2477;722,07733;10,85311
2478;722,06775;10,86042
2479;722,06079;10,86787
2480;722,04871;10,87504
2481;722,03613;10,88224
2482;722,03876;10,88937
2483;722,04315;10,89549
2484;722,03107;10,90097
2485;722,02069;10,90713
2486;722,00012;10,91397
2487;721,95734;10,92081
2488;721,92432;10,92764
2489;721,90485;10,93502
2490;721,87732;10,94274
2491;721,83215;10,94999
2492;721,78992;10,95687
2493;721,76514;10,96354
2494;721,73444;10,969899999999999
2495;721,69055;10,97582
2496;721,66522;10,98103
2497;721,63916;10,98596
2498;721,60175;10,99063
2499;721,5686;10,99521
2500;721,53247;10,99979
2501;721,49316;11,00457
2502;721,44727;11,00927
2503;721,4071;11,01419
2504;721,38025;11,02002
2505;721,34766;11,02734
2506;721,32007;11,03515
2507;721,29828;11,04278
2508;721,28156;11,05041
2509;721,26263;11,05741
2510;721,24445;11,06404
2511;721,23541;11,07098
2512;721,22241;11,07845
2513;721,20636;11,08562
2514;721,19965;11,09293
2515;721,18378;11,10083
2516;721,15784;11,10784
2517;721,11407;11,11353
2518;721,08014;11,11917
2519;721,05811;11,12494
2520;721,02136;11,13105
2521;720,98163;11,13821
2522;720,92859;11,14662
2523;720,88165;11,15629
2524;720,84546;11,16729
2525;720,79517;11,17937
2526;720,74286;11,19129
2527;720,71143;11,20138
2528;720,67822;11,20907
2529;720,63812;11,21537
2530;720,60876;11,22057
2531;720,59387;11,22492
2532;720,55939;11,22894
2533;720,50677;11,23311
2534;720,46985;11,23694
2535;720,45319;11,24059
2536;720,43268;11,24491
2537;720,41064;11,25088
2538;720,40314;11,25685
2539;720,37714;11,26283
2540;720,34949;11,26894
2541;720,33002;11,27465
2542;720,31177;11,27986
2543;720,29321;11,28472
2544;720,26086;11,28958
2545;720,2298;11,29484
2546;720,18964;11,30011
2547;720,13287;11,30534
2548;720,09729;11,31137
2549;720,06323;11,31863
2550;720,02448;11,32702
2551;719,98572;11,33643
2552;719,95435;11,34634
2553;719,9317;11,35682
2554;719,89508;11,36703
2555;719,85437;11,37705
2556;719,82831;11,38627
2557;719,78943;11,39468
2558;719,74622;11,40211
2559;719,71088;11,40817
2560;719,68048;11,4139
2561;719,63043;11,41919
2562;719,58032;11,42409
2563;719,54022;11,4297
2564;719,50623;11,43623
2565;719,47314;11,44362
2566;719,44403;11,45109
2567;719,42584;11,45922
2568;719,40131;11,46771
2569;719,37592;11,47585
2570;719,35193;11,48283
2571;719,32294;11,48912
2572;719,30145;11,49529
2573;719,28143;11,50096
2574;719,26556;11,50695
2575;719,24426;11,51329
2576;719,21521;11,520059999999999
2577;719,18317;11,52698
2578;719,14105;11,53496
2579;719,1004;11,543379999999999
2580;719,06378;11,55176
2581;719,02594;11,5604
2582;718,99817;11,56918
2583;718,95068;11,57837
2584;718,90698;11,58759
2585;718,87115;11,59656
2586;718,82727;11,605
2587;718,78107;11,61352
2588;718,74274;11,6225
2589;718,70978;11,63127
2590;718,65778;11,63969
2591;718,60254;11,64788
2592;718,55963;11,65475
2593;718,51721;11,66137
2594;718,47455;11,66754
2595;718,4361;11,67315
2596;718,41681;11,6784
2597;718,39124;11,68326
2598;718,36591;11,68866
2599;718,33978;11,69417
2600;718,32324;11,7004
2601;718,30304;11,70821
2602;718,27875;11,71713
2603;718,24951;11,7262
2604;718,22412;11,73506
2605;718,20294;11,74365
2606;718,18719;11,75236
2607;718,1485;11,76081
2608;718,09729;11,76899
2609;718,05029;11,77704
2610;718,00189;11,78523
2611;717,95538;11,79291
2612;717,90271;11,79975
2613;717,86267;11,80617
2614;717,8313;11,81221
2615;717,79004;11,81851
2616;717,73706;11,82581
2617;717,69116;11,83415
2618;717,64655;11,84315
2619;717,60474;11,85278
2620;717,55444;11,861979999999999
2621;717,50336;11,87061
2622;717,45386;11,87794
2623;717,41119;11,88468
2624;717,37091;11,89134
2625;717,32782;11,89832
2626;717,29065;11,90547
2627;717,25549;11,91318
2628;717,23438;11,92131
2629;717,20526;11,93004
2630;717,16907;11,9387
2631;717,13635;11,94702
2632;717,11414;11,95485
2633;717,09363;11,96194
2634;717,06982;11,96896
2635;717,04132;11,97599
2636;717,01544;11,98253
2637;716,97986;11,9885
2638;716,93927;11,99409
2639;716,89062;12,00031
2640;716,83099;12,00704
2641;716,7738;12,01436
2642;716,71472;12,02207
2643;716,66187;12,02954
2644;716,61676;12,03656
2645;716,5697;12,04358
2646;716,51648;12,05021
2647;716,4649;12,05715
2648;716,41498;12,06406
2649;716,37714;12,07069
2650;716,34241;12,07709
2651;716,30066;12,08404
2652;716,25812;12,09051
2653;716,22076;12,09692
2654;716,17194;12,10461
2655;716,12476;12,11285
2656;716,09253;12,12177
2657;716,05951;12,13007
2658;716,02313;12,13749
2659;715,9826;12,1433
2660;715,95428;12,14772
2661;715,91577;12,15132
2662;715,88611;12,15495
2663;715,85217;12,15935
2664;715,82581;12,1646
2665;715,79102;12,17115
2666;715,74158;12,17922
2667;715,70459;12,18723
2668;715,66479;12,19535
2669;715,6192;12,20307
2670;715,57361;12,21082
2671;715,52875;12,21836
2672;715,47919;12,22603
2673;715,42108;12,23323
2674;715,36469;12,2401
2675;715,31317;12,24664
2676;715,26642;12,25337
2677;715,21307;12,26062
2678;715,16022;12,26827
2679;715,1098;12,27607
2680;715,06024;12,2837
2681;715,01233;12,29079
2682;714,96613;12,29725
2683;714,92126;12,30364
2684;714,87958;12,31033
2685;714,82806;12,31807
2686;714,77893;12,32661
2687;714,73901;12,33458
2688;714,70874;12,34207
2689;714,67615;12,34922
2690;714,65277;12,35648
2691;714,62579;12,36347
2692;714,59943;12,36989
2693;714,57202;12,37568
2694;714,53864;12,38144
2695;714,49213;12,38759
2696;714,44476;12,39422
2697;714,40222;12,40142
2698;714,35767;12,40899
2699;714,30316;12,41703
2700;714,24634;12,42527
2701;714,20178;12,43435
2702;714,16772;12,44506
2703;714,11847;12,4564
2704;714,06396;12,46748
2705;713,99823;12,47733
2706;713,94043;12,48509
2707;713,89282;12,49106
2708;713,84552;12,49658
2709;713,79968;12,50228
2710;713,76227;12,5078
2711;713,71027;12,5134
2712;713,64441;12,51946
2713;713,58612;12,5259
2714;713,53943;12,53311
2715;713,49493;12,540329999999999
2716;713,45502;12,54759
2717;713,42468;12,55412
2718;713,40198;12,56061
2719;713,35992;12,56713
2720;713,32434;12,57338
2721;713,28967;12,57988
2722;713,25818;12,58652
2723;713,22314;12,59339
2724;713,1955;12,60076
2725;713,15533;12,60774
2726;713,11707;12,61414
2727;713,06952;12,62077
2728;713,02319;12,62786
2729;712,96216;12,63482
2730;712,89679;12,64166
2731;712,84314;12,64939
2732;712,79205;12,65843
2733;712,73572;12,66821
2734;712,68005;12,67798
2735;712,63062;12,68717
2736;712,55878;12,69456
2737;712,49707;12,70017
2738;712,44049;12,70483
2739;712,37683;12,70885
2740;712,31091;12,71313
2741;712,25891;12,718069999999999
2742;712,20996;12,72385
2743;712,15704;12,73074
2744;712,09857;12,73948
2745;712,05908;12,74981
2746;712,00562;12,76088
2747;711,96167;12,77105
2748;711,9325;12,77984
2749;711,90485;12,78746
2750;711,86774;12,79423
2751;711,82257;12,79997
2752;711,77698;12,80507
2753;711,729;12,81013
2754;711,67999;12,81579
2755;711,63385;12,82263
2756;711,59216;12,83097
2757;711,54529;12,83955
2758;711,48303;12,84859
2759;711,4198;12,85777
2760;711,35754;12,86672
2761;711,29443;12,87555
2762;711,24365;12,8841
2763;711,19299;12,89197
2764;711,13513;12,89896
2765;711,06805;12,90494
2766;711,01038;12,91007
2767;710,96246;12,91525
2768;710,90936;12,92015
2769;710,86078;12,92543
2770;710,84991;12,92668
2771;710,83917;12,92795
2772;710,79895;12,93473
2773;711,0661;12,94313
2774;712,21368;12,95313
2775;714,96783;12,96642
2776;719,64679;12,98643
2777;726,24921;13,01592
2778;734,49255;13,05385
2779;743,43567;13,10163
2780;752,39105;13,16117
2781;760,9917;13,22945
2782;768,56171;13,30019
2783;775,04462;13,37663
2784;780,39038;13,45771
2785;784,54657;13,54222
2786;787,66321;13,62909
2787;789,51947;13,71836
2788;790,47369;13,80509
2789;790,62433;13,89065
2790;790,04669;13,97442
2791;789,11304;14,05321
2792;787,96851;14,12939
2793;786,7746;14,20554
2794;785,58063;14,2835
2795;784,43085;14,36097
2796;783,31818;14,4381
2797;782,27985;14,5144
2798;781,15106;14,59123
2799;779,8999;14,67111
2800;778,72754;14,75158
2801;777,26813;14,83362
2802;775,67236;14,91812
2803;774,16614;15,00164
2804;772,24976;15,08522
2805;770,28821;15,16892
2806;768,35828;15,25077
2807;765,98846;15,32983
2808;763,75098;15,41294
2809;761,44403;15,4969
2810;758,68005;15,57959
2811;756,14886;15,66734
2812;753,50201;15,756149999999998
2813;750,4165;15,844059999999999
2814;747,57135;15,9327
2815;744,6087;16,0197
2816;741,25183;16,107329999999997
2817;738,05682;16,19654
2818;734,74469;16,28511
2819;731,09845;16,37153
2820;727,61816;16,46189
2821;724,03162;16,55352
2822;720,1449;16,641840000000002
2823;716,39917;16,733330000000002
2824;712,54907;16,82601
2825;708,40112;16,91819
2826;704,37952;17,01265
2827;700,23572;17,10462
2828;695,72443;17,191769999999998
2829;691,31799;17,28091
2830;686,78381;17,37355
2831;681,85309;17,46321
2832;677,00128;17,55276
2833;671,99066;17,644170000000003
2834;666,57178;17,735480000000003
2835;661,21625;17,82996
2836;655,64288;17,92605
2837;649,69202;18,020429999999998
2838;643,83844;18,115769999999998
2839;637,76569;18,21259
2840;631,42334;18,30719
2841;625,30646;18,4028
2842;619,10516;18,498060000000002
2843;612,79834;18,591549999999998
2844;606,88928;18,6863
2845;601,03619;18,78168
2846;595,19617;18,87784
2847;589,83221;18,97606
2848;584,61444;19,07317
2849;579,48486;19,168
2850;574,85205;19,26331
2851;570,3678;19,35616
2852;565,95056;19,44889
2853;561,97467;19,54545
2854;558,14941;19,64247
2855;554,41235;19,73681
2856;551,17047;19,83066
2857;548,1441;19,92163
2858;545,19208;20,01312
2859;542,67371;20,10625
2860;540,31519;20,19967
2861;537,98755;20,29446
2862;536,052;20,38914
2863;534,18573;20,48074
2864;532,29211;20,56802
2865;530,75189;20,65881
2866;529,22815;20,74808
2867;527,68781;20,83549
2868;526,45398;20,92559
2869;525,19037;21,01203
2870;523,8335;21,09548
2871;522,7179;21,18139
2872;521,60284;21,26737
2873;520,38953;21,354
2874;519,42542;21,44088
2875;518,47412;21,52641
2876;517,40869;21,61172
2877;516,59503;21,69891
2878;515,83051;21,78622
2879;514,94019;21,87164
2880;514,33051;21,96179
2881;513,72064;22,05315
2882;512,87177;22,14168
2883;512,33008;22,22917
2884;511,87073;22,3146
2885;511,11249;22,39964
2886;510,62723;22,48749
2887;510,21521;22,57278
2888;509,49448;22,65602
2889;508,96634;22,74282
2890;508,43124;22,83143
2891;507,64359;22,91858
2892;507,07144;23,00949
2893;506,43231;23,0999
2894;505,54431;23,18421
2895;504,92603;23,26851
2896;504,17801;23,35248
2897;503,15665;23,43569
2898;502,44379;23,51971
2899;501,56924;23,60575
2900;500,29465;23,69268
2901;498,77829;23,77982
2902;496,04874;23,86812
2903;492,26328;23,95923
2904;488,48224;24,05457
2905;484,71182;24,14729
2906;481,00464;24,23876
2907;477,87436;24,32936
2908;474,84647;24,41868
2909;471,83618;24,50783
2910;469,25644;24,59955
2911;466,52393;24,68993
2912;463,56488;24,77897
2913;460,70706;24,86631
2914;457,34579;24,95627
2915;453,47906;25,04774
2916;449,6597;25,14201
2917;445,59042;25,23633
2918;441,29184;25,33348
2919;437,25598;25,43089
2920;433,15952;25,52855
2921;428,87454;25,62755
2922;424,6214;25,72733
2923;419,83923;25,82476
2924;414,48038;25,92227
2925;408,91937;26,02239
2926;402,86963;26,1224
2927;396,18314;26,22568
2928;381,98331;26,33006
2929;302,90915;26,46561
2930;259,31808;26,55897
